{"type":"FeatureCollection","features":[{"properties":{"scalerank":0,"name":"Lake Erie"},"type":"Feature","geometry":{"type":"Polygon","coordinates":[[[-83.076765,42.30436],[-83.078825,42.303477],[-83.090011,42.285226],[-83.098253,42.262855],[-83.102374,42.243427],[-83.112971,42.138044],[-83.12401,42.090063],[-83.123568,42.072107],[-83.10679,42.055622],[-83.051449,42.045025],[-83.02319,42.030307],[-83.010827,42.027069],[-82.989486,42.023537],[-82.983746,42.020593],[-82.959019,42.003225],[-82.918838,41.988802],[-82.874242,41.984386],[-82.829352,41.989685],[-82.712489,42.035311],[-82.667598,42.044142],[-82.622708,42.03796],[-82.582233,42.016766],[-82.548675,41.98733],[-82.523066,41.952006],[-82.506581,41.913739],[-82.499075,41.913739],[-82.502166,41.922864],[-82.506581,41.928163],[-82.499075,41.955244],[-82.486712,42.035017],[-82.468755,42.051501],[-82.457717,42.065631],[-82.386922,42.125975],[-82.369996,42.136572],[-82.123025,42.235773],[-82.08461,42.254907],[-82.061208,42.261383],[-81.92374,42.263738],[-81.925948,42.268153],[-81.929186,42.279633],[-81.931247,42.284343],[-81.855595,42.32526],[-81.859127,42.301416],[-81.871932,42.287581],[-81.886945,42.275218],[-81.8971,42.256379],[-81.873993,42.250491],[-81.856625,42.259028],[-81.845734,42.277573],[-81.837492,42.322905],[-81.818799,42.359406],[-81.814531,42.377068],[-81.79319,42.404738],[-81.656899,42.482745],[-81.635263,42.502173],[-81.567413,42.550448],[-81.550487,42.565461],[-81.540184,42.571643],[-81.505302,42.582534],[-81.478956,42.60049],[-81.458056,42.609027],[-81.417287,42.620213],[-81.35915,42.649355],[-81.229041,42.669666],[-80.932469,42.666722],[-80.778958,42.636403],[-80.755556,42.634342],[-80.703601,42.611676],[-80.577466,42.590776],[-80.553622,42.58224],[-80.511234,42.572231],[-80.358312,42.579296],[-80.331378,42.576352],[-80.251605,42.558102],[-80.152551,42.551331],[-80.124881,42.544267],[-80.109721,42.542501],[-80.088233,42.553098],[-80.073662,42.556924],[-80.058355,42.558691],[-80.046139,42.558102],[-80.095592,42.571348],[-80.300028,42.582534],[-80.328581,42.58901],[-80.341092,42.60314],[-80.443383,42.599607],[-80.453833,42.618152],[-80.443972,42.637286],[-80.403938,42.671726],[-80.387012,42.67938],[-80.379212,42.684973],[-80.370381,42.688211],[-80.358018,42.671138],[-80.347862,42.6679],[-80.334763,42.679674],[-80.318426,42.720591],[-80.303413,42.729422],[-80.287959,42.735603],[-80.231735,42.777697],[-80.187728,42.792416],[-79.874819,42.832449],[-79.834638,42.832449],[-79.796076,42.845401],[-79.775029,42.848639],[-79.734849,42.863357],[-79.717334,42.867184],[-79.695698,42.862474],[-79.64286,42.845107],[-79.625051,42.849228],[-79.606212,42.858648],[-79.57913,42.861591],[-79.495531,42.85747],[-79.484492,42.859531],[-79.476103,42.864829],[-79.469038,42.871894],[-79.460354,42.878076],[-79.446961,42.880725],[-79.368512,42.873071],[-79.202933,42.880136],[-79.156129,42.873366],[-79.113004,42.853643],[-79.094901,42.850111],[-79.087248,42.863357],[-79.07665,42.870422],[-78.965381,42.88985],[-78.943451,42.898975],[-78.925789,42.911339],[-78.915339,42.931944],[-78.926966,42.945779],[-78.970532,42.961969],[-79.019838,42.98964],[-79.04221,43.009951],[-79.042504,43.027613],[-79.031907,43.055283],[-79.053543,43.073828],[-79.075473,43.08884],[-79.066201,43.106208],[-79.026167,43.086485],[-78.914897,43.076477],[-78.887963,43.051456],[-78.893114,43.029379],[-78.927997,43.002003],[-78.936386,42.979631],[-78.932118,42.9708],[-78.913426,42.957848],[-78.90901,42.952255],[-78.901651,42.908101],[-78.896205,42.897209],[-78.875011,42.867184],[-78.869418,42.854526],[-78.867505,42.845696],[-78.867505,42.822441],[-78.87089,42.798303],[-78.880604,42.780641],[-78.895911,42.767689],[-78.915928,42.757386],[-78.993934,42.731188],[-79.031318,42.714115],[-79.059283,42.688505],[-79.08033,42.65171],[-79.096373,42.634342],[-79.117714,42.626983],[-79.12213,42.622862],[-79.138761,42.59578],[-79.150683,42.581062],[-79.156129,42.576941],[-79.169228,42.571643],[-79.235166,42.556924],[-79.255918,42.535436],[-79.308315,42.509826],[-79.358063,42.494519],[-79.368365,42.489809],[-79.37543,42.483333],[-79.383967,42.473914],[-79.394122,42.465671],[-79.423853,42.454486],[-79.470804,42.407093],[-79.526733,42.383838],[-79.542776,42.370003],[-79.560144,42.358229],[-79.628436,42.338801],[-79.703499,42.294352],[-79.731463,42.284343],[-79.751775,42.27198],[-79.889095,42.229591],[-79.932956,42.205454],[-79.974167,42.195445],[-80.019204,42.167186],[-80.061887,42.155412],[-80.111046,42.131568],[-80.135478,42.125975],[-80.135478,42.133629],[-80.129297,42.138044],[-80.116639,42.151291],[-80.111635,42.15394],[-80.087203,42.154529],[-80.076753,42.158061],[-80.067333,42.167186],[-80.089557,42.174251],[-80.10825,42.166009],[-80.12444,42.153351],[-80.149608,42.141282],[-80.16256,42.118322],[-80.173157,42.113023],[-80.181988,42.110963],[-80.210688,42.092418],[-80.375827,42.023537],[-80.439262,42.013823],[-80.454275,42.007052],[-80.47017,41.997044],[-80.780577,41.919037],[-80.812369,41.90167],[-80.85093,41.897549],[-80.869328,41.893428],[-80.87757,41.888423],[-80.890081,41.876649],[-80.895968,41.872822],[-80.931733,41.867229],[-80.957196,41.85516],[-81.026224,41.845446],[-81.348406,41.729467],[-81.672206,41.522234],[-81.709002,41.513404],[-81.743001,41.497508],[-81.766697,41.495447],[-81.799077,41.508105],[-81.807761,41.509577],[-81.819094,41.505456],[-81.839111,41.492209],[-81.852063,41.489266],[-81.877525,41.490149],[-81.99792,41.511932],[-82.04075,41.511049],[-82.173214,41.48279],[-82.250926,41.450115],[-82.294345,41.44099],[-82.363079,41.438929],[-82.37971,41.431276],[-82.39384,41.420973],[-82.438436,41.39919],[-82.458158,41.393597],[-82.504815,41.395658],[-82.546468,41.411554],[-82.616379,41.454531],[-82.625799,41.458946],[-82.643608,41.465128],[-82.650673,41.46866],[-82.659945,41.477785],[-82.666863,41.486322],[-82.674074,41.492504],[-82.684672,41.495447],[-82.67172,41.473959],[-82.629773,41.445994],[-82.60902,41.427744],[-82.657149,41.454236],[-82.683936,41.464539],[-82.708957,41.46866],[-82.720878,41.467777],[-82.73648,41.463067],[-82.746194,41.46189],[-82.759587,41.462773],[-82.767388,41.465717],[-82.787699,41.476019],[-82.829057,41.470721],[-82.87851,41.446877],[-82.925609,41.432453],[-82.959019,41.454531],[-82.968439,41.447466],[-82.979477,41.443639],[-82.98875,41.445994],[-82.992576,41.458063],[-83.00229,41.460124],[-83.061458,41.46189],[-83.045268,41.468366],[-83.009061,41.469543],[-82.992576,41.476019],[-82.979183,41.46866],[-82.971971,41.472781],[-82.96682,41.481907],[-82.959019,41.489266],[-82.949894,41.492504],[-82.939738,41.49427],[-82.914423,41.495447],[-82.867472,41.50369],[-82.845394,41.504573],[-82.821845,41.495447],[-82.800062,41.508694],[-82.766358,41.51517],[-82.69836,41.51723],[-82.704688,41.533715],[-82.71087,41.543134],[-82.721026,41.548139],[-82.758999,41.551671],[-82.769448,41.550788],[-82.785638,41.543723],[-82.793439,41.548139],[-82.799768,41.554615],[-82.804478,41.558147],[-82.815811,41.574926],[-82.828174,41.586406],[-82.845836,41.591704],[-82.84407,41.586111],[-82.846425,41.573454],[-82.850987,41.559619],[-82.855991,41.550788],[-82.868944,41.541957],[-82.884545,41.536364],[-82.918102,41.530771],[-82.937825,41.53136],[-82.972707,41.541368],[-82.989486,41.543723],[-83.018922,41.553731],[-83.069994,41.601713],[-83.095604,41.619669],[-83.122244,41.619669],[-83.156096,41.626145],[-83.218501,41.646162],[-83.244847,41.660291],[-83.291503,41.697675],[-83.314758,41.708861],[-83.326091,41.70945],[-83.349493,41.703268],[-83.366272,41.701502],[-83.381726,41.702974],[-83.459144,41.721519],[-83.464589,41.729172],[-83.466208,41.746246],[-83.462382,41.759492],[-83.453109,41.76744],[-83.441776,41.769206],[-83.432062,41.763613],[-83.424556,41.763613],[-83.423967,41.790106],[-83.420729,41.810417],[-83.412634,41.82749],[-83.370834,41.877532],[-83.354056,41.889601],[-83.335805,41.887246],[-83.326385,41.914916],[-83.309607,41.935227],[-83.287088,41.94347],[-83.260153,41.934344],[-83.253972,41.946708],[-83.252794,41.95966],[-83.25721,41.972317],[-83.266924,41.98262],[-83.237046,41.985269],[-83.221297,41.994689],[-83.199367,42.03796],[-83.194363,42.030601],[-83.1898,42.025303],[-83.178173,42.016766],[-83.182147,42.023831],[-83.183472,42.029718],[-83.185091,42.044142],[-83.188034,42.050912],[-83.197307,42.061215],[-83.199367,42.065336],[-83.196865,42.079466],[-83.191125,42.088002],[-83.187887,42.095361],[-83.191861,42.105664],[-83.187445,42.11008],[-83.178173,42.125975],[-83.146087,42.232829],[-83.125482,42.268448],[-83.081622,42.30907],[-83.076765,42.30436]],[[-78.981718,42.979043],[-78.964351,42.976393],[-78.91269,43.037032],[-78.908569,43.049396],[-78.917399,43.058521],[-78.943304,43.065291],[-78.958905,43.070884],[-78.975536,43.069707],[-78.993051,43.066174],[-79.011449,43.065291],[-79.00983,43.050867],[-79.023076,43.017015],[-79.022046,43.010539],[-79.01189,43.004358],[-78.998055,42.991111],[-78.981718,42.979043]],[[-83.14491,42.107725],[-83.141819,42.137161],[-83.143438,42.194856],[-83.150944,42.188675],[-83.16684,42.132451],[-83.169784,42.102426],[-83.157715,42.092418],[-83.14491,42.107725]],[[-82.638309,41.747423],[-82.622708,41.749778],[-82.628742,41.759786],[-82.644344,41.824546],[-82.644344,41.838087],[-82.67746,41.808062],[-82.684377,41.795404],[-82.685849,41.744479],[-82.683494,41.733588],[-82.67481,41.729467],[-82.6623,41.732999],[-82.638309,41.747423]]]}},{"properties":{"scalerank":0,"name":"Lake Ontario"},"type":"Feature","geometry":{"type":"Polygon","coordinates":[[[-76.087236,43.970461],[-76.120057,43.96634],[-76.133451,43.956626],[-76.140515,43.941613],[-76.141693,43.92925],[-76.145814,43.916887],[-76.161268,43.901285],[-76.204834,43.874498],[-76.215873,43.860369],[-76.243249,43.874498],[-76.238244,43.880974],[-76.228972,43.901285],[-76.278425,43.883918],[-76.291671,43.874498],[-76.303152,43.858603],[-76.297264,43.851538],[-76.282399,43.846534],[-76.266798,43.835936],[-76.261058,43.831227],[-76.248253,43.823868],[-76.243249,43.819158],[-76.240158,43.811799],[-76.240011,43.804145],[-76.238686,43.796492],[-76.225292,43.777064],[-76.216461,43.749688],[-76.209691,43.737325],[-76.218964,43.717896],[-76.220435,43.69523],[-76.216609,43.671093],[-76.209691,43.648132],[-76.201154,43.661967],[-76.191735,43.671387],[-76.180843,43.674331],[-76.168186,43.668443],[-76.210427,43.623406],[-76.215431,43.601328],[-76.188055,43.58661],[-76.207336,43.573364],[-76.246339,43.538334],[-76.266798,43.53127],[-76.33406,43.520967],[-76.359964,43.524499],[-76.401469,43.536274],[-76.419278,43.533919],[-76.471234,43.495357],[-76.490367,43.484171],[-76.594867,43.447376],[-76.633134,43.427065],[-76.667869,43.401455],[-76.712759,43.338755],[-76.736897,43.351119],[-76.751027,43.353768],[-76.757208,43.342582],[-76.762507,43.338461],[-76.826973,43.316678],[-76.930147,43.300783],[-76.935299,43.297839],[-76.941333,43.289008],[-76.941775,43.281649],[-76.940597,43.275467],[-76.942216,43.270463],[-76.945896,43.264281],[-76.945601,43.261338],[-76.947073,43.259277],[-76.956346,43.256922],[-76.966501,43.256039],[-76.975774,43.2581],[-76.983722,43.263104],[-76.990492,43.270463],[-76.98799,43.27429],[-76.983133,43.284298],[-77.366689,43.297839],[-77.412463,43.290774],[-77.538009,43.256922],[-77.583194,43.257217],[-77.624699,43.271346],[-77.69623,43.319033],[-77.701087,43.320799],[-77.723606,43.325215],[-77.7239,43.335812],[-77.748774,43.344643],[-78.106573,43.394096],[-78.226968,43.379966],[-78.380185,43.396156],[-78.689414,43.361422],[-78.754175,43.338167],[-78.862059,43.324332],[-78.990696,43.286947],[-79.059283,43.278116],[-79.079005,43.271346],[-79.174379,43.259572],[-79.195574,43.249858],[-79.230603,43.228958],[-79.291242,43.210413],[-79.309492,43.198933],[-79.330392,43.190102],[-79.353206,43.193928],[-79.395005,43.209824],[-79.444458,43.213651],[-79.544984,43.20953],[-79.593701,43.216006],[-79.692313,43.241321],[-79.740442,43.261926],[-79.772527,43.291657],[-79.774735,43.329336],[-79.748684,43.362305],[-79.683041,43.41529],[-79.616956,43.49418],[-79.611804,43.51508],[-79.609155,43.536568],[-79.601207,43.558645],[-79.589286,43.571009],[-79.570888,43.582195],[-79.549694,43.590142],[-79.529088,43.59338],[-79.508188,43.600151],[-79.495089,43.615458],[-79.484639,43.633708],[-79.470804,43.648132],[-79.447255,43.651959],[-79.386174,43.6446],[-79.371456,43.6446],[-79.355119,43.659612],[-79.33834,43.670504],[-79.280203,43.699057],[-79.200872,43.754103],[-79.156129,43.772648],[-79.135082,43.784423],[-79.128459,43.792076],[-79.116684,43.81121],[-79.107706,43.819158],[-79.09652,43.825045],[-79.088425,43.826517],[-79.062668,43.825634],[-79.041032,43.829755],[-78.977303,43.860369],[-78.952723,43.865667],[-78.878396,43.860369],[-78.854847,43.863312],[-78.810692,43.876853],[-78.670134,43.897164],[-78.607434,43.915415],[-78.582119,43.914532],[-78.501316,43.901285],[-78.480122,43.904523],[-78.422426,43.92925],[-78.279512,43.958686],[-78.020766,43.97782],[-78.001633,43.982235],[-77.906553,43.985768],[-77.803231,44.019031],[-77.782184,44.021386],[-77.718307,44.008434],[-77.675183,44.004313],[-77.68475,44.01491],[-77.701528,44.020208],[-77.737147,44.025507],[-77.725961,44.03787],[-77.708888,44.044641],[-77.69049,44.043169],[-77.675183,44.031689],[-77.660759,44.037576],[-77.61631,44.045524],[-77.600709,44.045229],[-77.531828,44.017854],[-77.541836,44.010494],[-77.553316,44.005785],[-77.566121,44.003724],[-77.579515,44.004313],[-77.563766,43.991066],[-77.491794,43.95221],[-77.47737,43.948678],[-77.439103,43.949561],[-77.360066,43.968106],[-77.318414,43.972227],[-77.291626,43.956626],[-77.271904,43.965162],[-77.250563,43.970167],[-77.264251,43.947795],[-77.283973,43.94544],[-77.325773,43.962513],[-77.300457,43.923363],[-77.256156,43.921008],[-77.207144,43.938081],[-77.168141,43.956626],[-77.181534,43.935726],[-77.236286,43.88068],[-77.219949,43.876264],[-77.168141,43.874498],[-77.16711,43.871849],[-77.168141,43.867139],[-77.168288,43.862429],[-77.164903,43.860369],[-77.130609,43.860369],[-77.122809,43.861841],[-77.116333,43.865079],[-77.110298,43.870671],[-77.085424,43.887156],[-76.976362,43.915415],[-76.924849,43.937198],[-76.90807,43.942202],[-76.864946,43.942791],[-76.849786,43.946912],[-76.856556,43.959569],[-76.887317,43.965751],[-76.971064,43.951622],[-77.003591,43.962513],[-77.02979,43.94073],[-77.041564,43.938081],[-77.044508,43.956626],[-77.036413,43.97105],[-77.013011,43.988123],[-77.017279,43.997248],[-76.991375,44.012849],[-76.927351,44.032866],[-76.901152,44.052],[-76.898209,44.05877],[-76.895854,44.074077],[-76.890555,44.082319],[-76.884668,44.087323],[-76.871274,44.096154],[-76.852582,44.112344],[-76.850227,44.115877],[-76.876867,44.113522],[-76.890997,44.108223],[-76.920728,44.084674],[-77.009037,44.049645],[-77.028759,44.051705],[-77.062611,44.05877],[-77.081892,44.055827],[-77.12119,44.044641],[-77.133994,44.045229],[-77.108238,44.073194],[-77.091606,44.105574],[-77.066291,44.182403],[-77.082628,44.179754],[-77.141648,44.163858],[-77.171526,44.150906],[-77.185361,44.148257],[-77.247177,44.148257],[-77.262337,44.144724],[-77.287652,44.127063],[-77.298985,44.120881],[-77.298985,44.113522],[-77.290449,44.114111],[-77.264251,44.113522],[-77.264251,44.10734],[-77.306492,44.094683],[-77.327686,44.094977],[-77.340049,44.10734],[-77.33166,44.110578],[-77.326656,44.114699],[-77.318855,44.127063],[-77.324595,44.130301],[-77.327686,44.133833],[-77.330041,44.137365],[-77.333132,44.140898],[-77.325037,44.141781],[-77.305314,44.148257],[-77.305314,44.154438],[-77.389355,44.147962],[-77.40687,44.14914],[-77.415112,44.148257],[-77.42409,44.143547],[-77.443077,44.130006],[-77.452938,44.127063],[-77.490175,44.120881],[-77.552433,44.090267],[-77.586432,44.079376],[-77.583636,44.099392],[-77.572891,44.114405],[-77.555965,44.123825],[-77.508573,44.128829],[-77.376698,44.172395],[-77.345348,44.177693],[-77.336223,44.181226],[-77.327097,44.180931],[-77.315764,44.1721],[-77.306492,44.168274],[-77.293981,44.168862],[-77.271757,44.175633],[-77.263367,44.180637],[-77.255125,44.187702],[-77.246442,44.193883],[-77.236286,44.195355],[-77.224953,44.190351],[-77.204936,44.172689],[-77.192279,44.168568],[-77.17079,44.171806],[-77.038473,44.215077],[-77.014188,44.217138],[-76.99947,44.215077],[-77.002266,44.210073],[-77.020959,44.199182],[-77.034794,44.187113],[-77.039651,44.180637],[-77.044508,44.168568],[-77.049218,44.141486],[-77.039356,44.136188],[-77.021989,44.143547],[-76.921758,44.203009],[-76.914987,44.194178],[-76.90704,44.187702],[-76.897914,44.183581],[-76.887464,44.182403],[-76.896148,44.170334],[-76.906745,44.166802],[-76.931913,44.168568],[-76.946337,44.166507],[-76.974008,44.156793],[-76.986812,44.154438],[-77.003738,44.146491],[-77.072472,44.092916],[-77.063494,44.088795],[-77.053339,44.085852],[-77.042594,44.084969],[-77.031556,44.085557],[-77.034499,44.082025],[-77.036707,44.078787],[-77.039651,44.075549],[-77.044508,44.072605],[-77.044508,44.066424],[-76.973713,44.076726],[-76.962674,44.082319],[-76.953255,44.098509],[-76.931325,44.110578],[-76.887464,44.127063],[-76.836687,44.164152],[-76.794593,44.172689],[-76.73675,44.203009],[-76.695686,44.217138],[-76.659332,44.22332],[-76.65109,44.227146],[-76.637991,44.235977],[-76.63019,44.233622],[-76.624009,44.227146],[-76.616502,44.22332],[-76.544236,44.22538],[-76.523042,44.23009],[-76.503466,44.23951],[-76.486541,44.254228],[-76.477121,44.259232],[-76.468584,44.255111],[-76.460489,44.247752],[-76.452394,44.243925],[-76.441356,44.24628],[-76.407651,44.264236],[-76.332588,44.292201],[-76.322433,44.299266],[-76.315221,44.306036],[-76.307273,44.310746],[-76.260322,44.320165],[-76.235742,44.33194],[-76.168186,44.332529],[-76.151701,44.339299],[-76.108283,44.36226],[-76.089002,44.367264],[-76.009523,44.374623],[-75.973905,44.38522],[-75.941525,44.40141],[-75.844532,44.487659],[-75.811858,44.504437],[-75.791988,44.497078],[-75.779184,44.48236],[-75.772266,44.463815],[-75.770205,44.446153],[-75.780803,44.432318],[-75.845415,44.40141],[-75.84674,44.398172],[-75.847623,44.392579],[-75.849095,44.386103],[-75.852922,44.381099],[-75.856601,44.379333],[-75.908998,44.363731],[-75.914297,44.357255],[-75.923863,44.347836],[-76.053825,44.265708],[-76.183493,44.223025],[-76.357462,44.131478],[-76.366146,44.117349],[-76.3607,44.09586],[-76.347012,44.088795],[-76.32935,44.084969],[-76.311541,44.072605],[-76.306537,44.061125],[-76.309186,44.053472],[-76.313013,44.046996],[-76.311541,44.039048],[-76.304329,44.033455],[-76.295204,44.032572],[-76.28755,44.037282],[-76.284165,44.048762],[-76.274746,44.062008],[-76.209691,44.085557],[-76.201007,44.072017],[-76.161268,44.077315],[-76.146991,44.066424],[-76.154351,44.061419],[-76.157147,44.058181],[-76.161268,44.045229],[-76.153615,44.051117],[-76.145372,44.055532],[-76.136394,44.058181],[-76.126533,44.05877],[-76.132715,44.045818],[-76.144342,44.032572],[-76.158325,44.022269],[-76.18467,44.012555],[-76.201743,44.00078],[-76.212193,43.9893],[-76.206011,43.983707],[-76.143901,43.983707],[-76.125356,43.988123],[-76.097833,44.006962],[-76.08179,44.011083],[-76.065158,44.007845],[-76.057946,43.999603],[-76.060301,43.988417],[-76.071929,43.976348],[-76.087236,43.970461]],[[-76.05147,44.340182],[-76.05147,44.332529],[-76.038371,44.329291],[-76.037488,44.319871],[-76.038665,44.308391],[-76.030865,44.299266],[-76.02174,44.300737],[-75.993039,44.319577],[-75.975377,44.324875],[-75.9533,44.337239],[-75.933283,44.35284],[-75.918712,44.370796],[-75.916063,44.373445],[-75.914444,44.376389],[-75.914297,44.381099],[-75.927837,44.38051],[-75.93814,44.376095],[-75.955213,44.360493],[-75.960659,44.376095],[-75.973022,44.36903],[-75.99613,44.340182],[-76.003047,44.346364],[-76.000398,44.348424],[-75.999221,44.348424],[-75.99819,44.349602],[-75.99613,44.353723],[-76.007757,44.353723],[-76.017618,44.351368],[-76.025566,44.347247],[-76.030865,44.340182],[-76.03322,44.340771],[-76.037488,44.34136],[-76.043522,44.34136],[-76.05147,44.340182]],[[-76.158325,44.285136],[-76.160091,44.276011],[-76.15803,44.267769],[-76.150671,44.264236],[-76.126533,44.268652],[-76.08856,44.29014],[-76.065158,44.299266],[-76.065305,44.303387],[-76.066777,44.306625],[-76.071929,44.312806],[-76.078552,44.313395],[-76.086205,44.309863],[-76.095331,44.307508],[-76.106075,44.312806],[-76.117849,44.305447],[-76.143753,44.299266],[-76.154498,44.292201],[-76.158325,44.285136]],[[-76.640493,44.175633],[-76.636813,44.198887],[-76.660068,44.200654],[-76.716145,44.182403],[-76.794298,44.162681],[-76.815198,44.1512],[-76.814609,44.132361],[-76.778403,44.122942],[-76.736456,44.120881],[-76.719383,44.124119],[-76.703193,44.124708],[-76.658891,44.163269],[-76.640493,44.175633]],[[-76.313896,44.288963],[-76.353194,44.264236],[-76.275481,44.269535],[-76.238686,44.279838],[-76.205864,44.301915],[-76.195414,44.312806],[-76.241924,44.310746],[-76.279161,44.303681],[-76.313896,44.288963]],[[-76.416187,44.222731],[-76.435027,44.22332],[-76.406032,44.215372],[-76.252815,44.216255],[-76.222054,44.219787],[-76.195414,44.230679],[-76.181285,44.240982],[-76.190705,44.244514],[-76.225881,44.243925],[-76.244279,44.242748],[-76.271508,44.238038],[-76.359964,44.237155],[-76.379686,44.233622],[-76.416187,44.222731]],[[-76.408534,44.13501],[-76.359964,44.154438],[-76.379686,44.161798],[-76.365262,44.177988],[-76.356284,44.184758],[-76.353782,44.187407],[-76.350986,44.189173],[-76.346276,44.189173],[-76.367912,44.200948],[-76.401322,44.210956],[-76.435468,44.214194],[-76.459606,44.206247],[-76.499345,44.166507],[-76.502289,44.150023],[-76.469173,44.148257],[-76.473441,44.140603],[-76.47771,44.134716],[-76.483008,44.130006],[-76.489631,44.127063],[-76.489631,44.120881],[-76.480064,44.125296],[-76.471086,44.126768],[-76.456074,44.127063],[-76.448862,44.125591],[-76.441356,44.122058],[-76.433261,44.120292],[-76.42443,44.124119],[-76.408534,44.13501]],[[-76.215873,44.031689],[-76.212782,44.042874],[-76.223968,44.043758],[-76.241335,44.038165],[-76.256201,44.031689],[-76.274451,44.019325],[-76.280338,44.008728],[-76.277395,43.976348],[-76.24163,43.996954],[-76.228236,44.009317],[-76.215873,44.031689]]]}},{"properties":{"scalerank":0,"name":"Lake Saint Clair"},"type":"Feature","geometry":{"type":"Polygon","coordinates":[[[-83.081622,42.30907],[-83.061899,42.32732],[-83.042618,42.340861],[-82.979624,42.359406],[-82.947686,42.363527],[-82.937972,42.366176],[-82.923842,42.374419],[-82.905739,42.387665],[-82.889991,42.403266],[-82.883367,42.41769],[-82.881307,42.430348],[-82.872329,42.449776],[-82.869679,42.461845],[-82.871151,42.472147],[-82.880424,42.486277],[-82.883367,42.49658],[-82.881307,42.516008],[-82.873801,42.538674],[-82.863498,42.557513],[-82.852606,42.565461],[-82.808305,42.579296],[-82.795058,42.581651],[-82.785197,42.581945],[-82.778132,42.586066],[-82.773422,42.599607],[-82.797707,42.610793],[-82.814339,42.631693],[-82.814781,42.652004],[-82.791231,42.661129],[-82.766799,42.665545],[-82.747665,42.675847],[-82.728826,42.689388],[-82.705277,42.702046],[-82.692914,42.695276],[-82.650673,42.681735],[-82.631392,42.68144],[-82.631539,42.669371],[-82.639634,42.654653],[-82.644344,42.640524],[-82.638751,42.633459],[-82.629331,42.626394],[-82.625357,42.616092],[-82.636985,42.599607],[-82.616673,42.582828],[-82.60902,42.579296],[-82.637132,42.568405],[-82.644932,42.561634],[-82.644344,42.551331],[-82.635807,42.541912],[-82.602544,42.515713],[-82.592536,42.51012],[-82.521741,42.51277],[-82.48627,42.505411],[-82.465665,42.482745],[-82.446089,42.497168],[-82.435345,42.50129],[-82.420921,42.502761],[-82.415917,42.496874],[-82.417095,42.483628],[-82.422687,42.469793],[-82.43093,42.461845],[-82.418566,42.444772],[-82.410471,42.424166],[-82.407528,42.402383],[-82.41106,42.3806],[-82.438878,42.339095],[-82.478764,42.32526],[-82.575462,42.32526],[-82.587531,42.322316],[-82.611964,42.313191],[-82.626387,42.310836],[-82.773422,42.310836],[-82.847013,42.329675],[-82.947686,42.343216],[-82.972118,42.338801],[-82.995079,42.324671],[-83.007589,42.319373],[-83.01745,42.322022],[-83.030549,42.328498],[-83.043207,42.323788],[-83.054982,42.315546],[-83.076765,42.30436],[-83.081622,42.30907]]]}},{"properties":{"scalerank":0,"name":"Lake Superior"},"type":"Feature","geometry":{"type":"Polygon","coordinates":[[[-84.492983,46.473515],[-84.490437,46.449287],[-84.490141,46.44647],[-84.529157,46.429873],[-84.569779,46.423397],[-84.603337,46.437527],[-84.594064,46.457838],[-84.61835,46.484331],[-84.65647,46.501992],[-84.689291,46.495516],[-84.715048,46.478443],[-84.749489,46.466669],[-84.786431,46.459604],[-84.819547,46.457249],[-84.835443,46.459604],[-84.877537,46.478443],[-84.914774,46.484625],[-84.921839,46.487569],[-84.935968,46.501698],[-84.945977,46.506408],[-84.959076,46.504936],[-84.992045,46.49375],[-85.00794,46.491984],[-85.027074,46.496694],[-85.039585,46.50523],[-85.048268,46.517594],[-85.055775,46.532901],[-85.027957,46.556155],[-85.017949,46.573229],[-85.031195,46.606786],[-85.013386,46.724237],[-85.00794,46.738956],[-84.994105,46.751319],[-84.976738,46.759561],[-84.961137,46.768981],[-84.952747,46.786348],[-84.976149,46.783993],[-85.017802,46.774574],[-85.038996,46.772513],[-85.123184,46.779872],[-85.200307,46.775457],[-85.293032,46.754557],[-85.475538,46.689502],[-85.5219,46.683909],[-85.860566,46.708636],[-85.891769,46.704221],[-85.898686,46.710991],[-85.926209,46.699216],[-86.090906,46.675373],[-86.118576,46.678905],[-86.145658,46.69068],[-86.282831,46.621799],[-86.396456,46.586181],[-86.43649,46.562337],[-86.472549,46.557922],[-86.488298,46.553506],[-86.533335,46.526425],[-86.546435,46.515828],[-86.594563,46.465491],[-86.625471,46.444003],[-86.659029,46.437527],[-86.657115,46.441942],[-86.654172,46.452834],[-86.652111,46.457249],[-86.680665,46.457543],[-86.702006,46.460781],[-86.719962,46.469907],[-86.73836,46.488157],[-86.759849,46.501109],[-86.78016,46.495516],[-86.810479,46.47079],[-86.830496,46.462548],[-86.857872,46.457543],[-86.88201,46.459898],[-86.892312,46.474617],[-86.897169,46.483153],[-86.908355,46.484919],[-86.920866,46.484625],[-86.930138,46.488157],[-86.960605,46.51936],[-86.965609,46.52878],[-86.966787,46.534961],[-86.970319,46.54026],[-86.981652,46.547324],[-86.994457,46.55174],[-87.008439,46.553506],[-87.021833,46.551151],[-87.033018,46.543498],[-87.042144,46.539082],[-87.055096,46.538199],[-87.080853,46.539671],[-87.086446,46.535844],[-87.103077,46.518182],[-87.111466,46.512295],[-87.135604,46.510823],[-87.183144,46.517299],[-87.226121,46.502287],[-87.348135,46.516711],[-87.373598,46.526425],[-87.387727,46.54703],[-87.392731,46.597366],[-87.396705,46.604431],[-87.407155,46.608847],[-87.459405,46.625625],[-87.469413,46.635045],[-87.467794,46.649469],[-87.485898,46.658888],[-87.506062,46.673312],[-87.522546,46.69068],[-87.529169,46.707753],[-87.539178,46.717173],[-87.584951,46.752202],[-87.598198,46.765743],[-87.614388,46.809309],[-87.629695,46.828737],[-87.649711,46.824027],[-87.66075,46.819906],[-87.668109,46.829031],[-87.67694,46.851403],[-87.684299,46.85258],[-87.709026,46.846987],[-87.720947,46.848165],[-87.730956,46.855229],[-87.740817,46.873186],[-87.748912,46.882311],[-87.758332,46.884666],[-87.769665,46.883783],[-87.779232,46.884666],[-87.783058,46.892319],[-87.796452,46.90115],[-87.902864,46.921167],[-88.063882,46.931175],[-88.119075,46.927643],[-88.198553,46.911747],[-88.215038,46.89909],[-88.22431,46.878484],[-88.246387,46.856701],[-88.273175,46.839922],[-88.297018,46.834624],[-88.297018,46.840806],[-88.276413,46.860822],[-88.259192,46.888492],[-88.23947,46.912925],[-88.183688,46.932941],[-88.154251,46.952958],[-88.144096,46.970326],[-88.173532,46.971798],[-88.188839,46.967088],[-88.234907,46.943833],[-88.27862,46.913513],[-88.30997,46.903799],[-88.339406,46.880839],[-88.355302,46.87554],[-88.389154,46.872597],[-88.400487,46.866121],[-88.386358,46.854346],[-88.440962,46.800478],[-88.474667,46.773396],[-88.488796,46.779872],[-88.484675,46.786348],[-88.47555,46.790469],[-88.465689,46.793413],[-88.45833,46.796945],[-88.455975,46.802833],[-88.459065,46.809014],[-88.479524,46.838451],[-88.482762,46.848165],[-88.478935,46.858173],[-88.472459,46.867298],[-88.469221,46.876718],[-88.469957,46.886138],[-88.475697,46.895557],[-88.463039,46.91263],[-88.451854,46.935885],[-88.444053,46.960317],[-88.440962,46.981806],[-88.446849,47.001234],[-88.461273,47.020073],[-88.479229,47.035969],[-88.496303,47.04686],[-88.502926,47.046566],[-88.509402,47.042445],[-88.516172,47.040679],[-88.523531,47.04686],[-88.523973,47.05157],[-88.517791,47.061873],[-88.509696,47.089249],[-88.507783,47.101023],[-88.51264,47.111621],[-88.535453,47.125161],[-88.587408,47.129871],[-88.612871,47.135758],[-88.634948,47.151065],[-88.637156,47.167844],[-88.630533,47.18845],[-88.62597,47.214354],[-88.635831,47.23702],[-88.658644,47.237903],[-88.683812,47.228189],[-88.851894,47.128694],[-88.879565,47.11898],[-88.886629,47.115153],[-88.906499,47.086305],[-88.91062,47.081595],[-88.916213,47.072764],[-88.951831,47.031259],[-88.96861,47.018896],[-88.978913,47.016247],[-89.010115,47.012714],[-89.050001,47.00094],[-89.061334,46.999173],[-89.110199,47.007121],[-89.130804,47.005944],[-89.153618,46.992403],[-89.226767,46.936179],[-89.308012,46.893497],[-89.397645,46.863766],[-89.794154,46.830208],[-89.834776,46.81549],[-90.017576,46.69745],[-90.05967,46.680377],[-90.237025,46.640344],[-90.289569,46.617089],[-90.301785,46.615028],[-90.334901,46.613262],[-90.361835,46.608552],[-90.387003,46.600016],[-90.435279,46.576467],[-90.454413,46.577055],[-90.49739,46.594423],[-90.569803,46.60708],[-90.662087,46.644465],[-90.736414,46.695095],[-90.756872,46.704221],[-90.749954,46.700394],[-90.730085,46.683909],[-90.741271,46.684498],[-90.752015,46.683321],[-90.762023,46.680377],[-90.771001,46.676256],[-90.771001,46.670074],[-90.736266,46.670074],[-90.754958,46.650941],[-90.781157,46.637106],[-90.900816,46.602076],[-90.930105,46.597661],[-90.956009,46.607375],[-90.944529,46.627097],[-90.927456,46.64682],[-90.863137,46.700983],[-90.857839,46.712463],[-90.862401,46.722471],[-90.870055,46.732185],[-90.874176,46.742194],[-90.872263,46.759267],[-90.865934,46.780755],[-90.854306,46.799006],[-90.835909,46.806659],[-90.818688,46.816373],[-90.793667,46.861705],[-90.777183,46.87554],[-90.781893,46.885549],[-90.784689,46.889376],[-90.761582,46.897618],[-90.764084,46.905566],[-90.777036,46.913219],[-90.784689,46.919989],[-90.788663,46.939123],[-90.798966,46.945599],[-90.829138,46.943833],[-90.834437,46.946777],[-90.836497,46.953253],[-90.83738,46.960317],[-90.839294,46.964438],[-90.848419,46.967971],[-90.856956,46.970326],[-90.877267,46.971798],[-90.884332,46.96856],[-90.8886,46.961495],[-90.891543,46.954136],[-90.894487,46.950015],[-90.904201,46.947071],[-90.914651,46.94501],[-90.935845,46.943833],[-90.944235,46.944716],[-90.959247,46.949132],[-90.966018,46.950015],[-90.975732,46.948248],[-90.981913,46.944127],[-90.986181,46.939712],[-90.990155,46.937063],[-91.033427,46.922933],[-91.04476,46.916457],[-91.049175,46.910275],[-91.050794,46.903505],[-91.053738,46.897912],[-91.062127,46.895557],[-91.081997,46.894969],[-91.090534,46.892908],[-91.099365,46.889376],[-91.11526,46.86671],[-91.128212,46.85935],[-91.147787,46.868181],[-91.146168,46.874069],[-91.146463,46.876424],[-91.14764,46.87819],[-91.147787,46.882311],[-91.167657,46.867887],[-91.190029,46.861705],[-91.203569,46.867593],[-91.19621,46.889376],[-91.224764,46.884371],[-91.274658,46.853463],[-91.352812,46.818434],[-91.401088,46.786348],[-91.414628,46.794296],[-91.490427,46.772513],[-91.569758,46.764271],[-91.793034,46.705987],[-91.939333,46.689797],[-91.96347,46.69068],[-92.026612,46.71364],[-92.042213,46.717173],[-92.058992,46.723943],[-92.082835,46.739839],[-92.104324,46.758384],[-92.114185,46.772513],[-92.095346,46.80401],[-92.047953,46.834329],[-91.956553,46.87554],[-91.897533,46.911747],[-91.859707,46.920873],[-91.798332,46.950015],[-91.745641,46.992697],[-91.711936,47.003],[-91.654977,47.03332],[-91.649237,47.039207],[-91.638787,47.054514],[-91.633783,47.059812],[-91.623627,47.063934],[-91.610086,47.067172],[-91.598017,47.073059],[-91.592866,47.084833],[-91.581827,47.096608],[-91.511033,47.121923],[-91.261706,47.30752],[-91.01238,47.493116],[-90.949239,47.51225],[-90.79146,47.616161],[-90.532861,47.711535],[-90.395834,47.741854],[-90.345792,47.74627],[-90.328719,47.750096],[-90.287655,47.767758],[-90.08528,47.811324],[-89.743229,47.930836],[-89.724978,47.941433],[-89.69304,47.966748],[-89.66537,47.975874],[-89.648444,47.994713],[-89.636522,47.998834],[-89.606938,47.991475],[-89.59016,47.990592],[-89.578091,47.998834],[-89.577502,48.001778],[-89.578091,48.012669],[-89.563961,48.019734],[-89.541148,48.023561],[-89.519954,48.029448],[-89.510387,48.043577],[-89.499495,48.05182],[-89.459609,48.051231],[-89.461964,48.061239],[-89.435471,48.070659],[-89.419281,48.079784],[-89.422961,48.08626],[-89.455194,48.088909],[-89.432969,48.101861],[-89.331708,48.122467],[-89.334799,48.126588],[-89.336418,48.130415],[-89.339067,48.133358],[-89.345249,48.136302],[-89.305068,48.166622],[-89.294176,48.185755],[-89.304332,48.205183],[-89.29815,48.211954],[-89.273571,48.201945],[-89.266212,48.214014],[-89.270186,48.256108],[-89.267537,48.26435],[-89.261208,48.274653],[-89.253407,48.28319],[-89.246342,48.287016],[-89.240749,48.291726],[-89.229269,48.321751],[-89.218525,48.327933],[-89.211166,48.325578],[-89.206014,48.326167],[-89.201893,48.341768],[-89.214404,48.364729],[-89.218672,48.36885],[-89.237806,48.378564],[-89.237217,48.400935],[-89.22662,48.426251],[-89.215581,48.444796],[-89.188647,48.467462],[-89.149055,48.483946],[-88.816571,48.5699],[-88.779922,48.588445],[-88.763144,48.583441],[-88.758287,48.566957],[-88.773594,48.543702],[-88.838206,48.486301],[-88.845713,48.451566],[-88.850717,48.440086],[-88.856604,48.431844],[-88.85837,48.423013],[-88.851894,48.409766],[-88.860725,48.403585],[-88.862786,48.395931],[-88.862933,48.388572],[-88.866171,48.383274],[-88.876474,48.38033],[-88.885452,48.382096],[-88.895019,48.382685],[-88.907088,48.376503],[-88.916066,48.365317],[-88.930048,48.335881],[-88.941234,48.321751],[-88.930342,48.315275],[-88.92475,48.319985],[-88.920628,48.329111],[-88.914005,48.335292],[-88.903702,48.336764],[-88.883391,48.334703],[-88.8725,48.335292],[-88.802588,48.350893],[-88.768589,48.368555],[-88.747542,48.373854],[-88.730028,48.383862],[-88.722816,48.406823],[-88.718989,48.426545],[-88.709569,48.450977],[-88.687345,48.492483],[-88.697648,48.506906],[-88.681163,48.513382],[-88.639658,48.519858],[-88.635095,48.533105],[-88.62597,48.605518],[-88.620524,48.624946],[-88.6061,48.634072],[-88.585348,48.636427],[-88.561063,48.636427],[-88.546933,48.644669],[-88.544137,48.663508],[-88.548994,48.684408],[-88.557677,48.698538],[-88.547522,48.707663],[-88.535306,48.712667],[-88.509255,48.718849],[-88.531921,48.728857],[-88.541929,48.742986],[-88.544284,48.761237],[-88.54399,48.784197],[-88.539133,48.791851],[-88.527505,48.802154],[-88.514847,48.810985],[-88.495714,48.819227],[-88.492623,48.829235],[-88.491887,48.84101],[-88.488796,48.849252],[-88.468338,48.8572],[-88.441845,48.856317],[-88.364133,48.843365],[-88.347943,48.828352],[-88.337935,48.808335],[-88.331164,48.788024],[-88.327338,48.780959],[-88.322481,48.774483],[-88.318654,48.766241],[-88.317476,48.752995],[-88.319978,48.742103],[-88.329104,48.72032],[-88.331164,48.708546],[-88.338965,48.694416],[-88.499688,48.574905],[-88.54399,48.554593],[-88.558266,48.539875],[-88.576958,48.508378],[-88.591235,48.492483],[-88.584612,48.492777],[-88.571218,48.492188],[-88.564448,48.492483],[-88.570629,48.47541],[-88.565772,48.462752],[-88.558561,48.449505],[-88.557677,48.431549],[-88.516025,48.444796],[-88.525445,48.454215],[-88.521323,48.463929],[-88.503073,48.478942],[-88.499246,48.478353],[-88.493948,48.475115],[-88.487766,48.473643],[-88.482026,48.478942],[-88.481584,48.486007],[-88.48703,48.490128],[-88.493506,48.49366],[-88.496303,48.499253],[-88.492034,48.516032],[-88.484822,48.522508],[-88.474961,48.52604],[-88.462156,48.533988],[-88.438607,48.566957],[-88.427421,48.574905],[-88.420945,48.555771],[-88.407699,48.549001],[-88.390331,48.551355],[-88.37267,48.560775],[-88.368254,48.566368],[-88.364722,48.573433],[-88.359276,48.57932],[-88.348532,48.581969],[-88.323658,48.582264],[-88.313208,48.586385],[-88.303788,48.59551],[-88.325719,48.611111],[-88.334844,48.638193],[-88.330281,48.657327],[-88.311295,48.649967],[-88.303052,48.636427],[-88.298931,48.62318],[-88.291572,48.613172],[-88.273175,48.609051],[-88.268759,48.614055],[-88.228137,48.643197],[-88.232258,48.631128],[-88.249478,48.609934],[-88.255365,48.59551],[-88.225635,48.597571],[-88.203116,48.613466],[-88.167203,48.657621],[-88.122607,48.694711],[-88.109361,48.71149],[-88.108772,48.721204],[-88.114218,48.730918],[-88.118928,48.746225],[-88.117162,48.759177],[-88.108478,48.789496],[-88.108625,48.797444],[-88.118192,48.804509],[-88.21386,48.848663],[-88.241089,48.865148],[-88.262872,48.890463],[-88.250803,48.908125],[-88.242708,48.916956],[-88.241089,48.925787],[-88.248595,48.94492],[-88.268759,48.974651],[-88.271114,48.989664],[-88.255365,49.000261],[-88.250214,48.983776],[-88.239028,48.974062],[-88.22431,48.972002],[-88.208267,48.979067],[-88.193107,48.972296],[-88.176917,48.973474],[-88.160727,48.978772],[-88.146156,48.985837],[-88.136884,48.992313],[-88.130702,48.998495],[-88.123932,49.003499],[-88.11201,49.006442],[-88.103474,49.004676],[-88.088608,48.994962],[-88.081102,48.992607],[-88.068739,48.999378],[-88.049605,49.025576],[-88.036211,49.027637],[-88.03106,49.021455],[-88.030324,49.013213],[-88.032532,49.006737],[-88.036211,49.006442],[-88.035623,49.003499],[-88.0368,48.995551],[-88.036211,48.992607],[-88.032532,48.991724],[-88.018255,48.99143],[-88.012662,48.989369],[-87.999416,48.97995],[-87.970274,48.964937],[-87.957469,48.955517],[-87.942015,48.947275],[-87.92347,48.946098],[-87.903895,48.946686],[-87.885497,48.94492],[-87.879021,48.941977],[-87.866216,48.934029],[-87.858857,48.93138],[-87.849879,48.929908],[-87.793067,48.933734],[-87.781586,48.928436],[-87.789829,48.910774],[-87.766279,48.910185],[-87.723597,48.914306],[-87.700489,48.910774],[-87.673408,48.900471],[-87.667079,48.896645],[-87.66443,48.890757],[-87.663841,48.875156],[-87.660161,48.869857],[-87.639409,48.864559],[-87.622188,48.869269],[-87.606734,48.877511],[-87.59128,48.882809],[-87.575679,48.882809],[-87.561549,48.8781],[-87.555515,48.867503],[-87.56464,48.849252],[-87.544035,48.836889],[-87.517542,48.83836],[-87.464409,48.849252],[-87.436886,48.843953],[-87.390965,48.817166],[-87.365356,48.807747],[-87.317521,48.807747],[-87.309868,48.799799],[-87.300448,48.778605],[-87.293089,48.774189],[-87.24187,48.767419],[-87.226121,48.768891],[-87.186677,48.780371],[-87.101164,48.780371],[-87.079086,48.783903],[-87.056568,48.790968],[-87.042438,48.793323],[-87.032283,48.788907],[-87.023893,48.78302],[-87.015357,48.780371],[-86.996959,48.785081],[-86.997695,48.79244],[-87.003876,48.800388],[-87.002257,48.807747],[-86.988275,48.813928],[-86.977089,48.813045],[-86.967228,48.807158],[-86.95722,48.797444],[-86.938969,48.784492],[-86.915126,48.773306],[-86.871854,48.76006],[-86.854045,48.758588],[-86.840651,48.761531],[-86.810479,48.774189],[-86.758965,48.787141],[-86.741598,48.794206],[-86.725114,48.811573],[-86.71746,48.814517],[-86.708924,48.812456],[-86.702153,48.808041],[-86.697296,48.803331],[-86.693764,48.800976],[-86.634597,48.794206],[-86.617965,48.788024],[-86.631653,48.746225],[-86.615169,48.746519],[-86.566451,48.739454],[-86.558209,48.740043],[-86.552911,48.741809],[-86.542902,48.746225],[-86.539223,48.749168],[-86.537751,48.753289],[-86.537162,48.75741],[-86.536132,48.76006],[-86.531569,48.760943],[-86.520236,48.759177],[-86.456653,48.774483],[-86.428542,48.773306],[-86.433693,48.752995],[-86.403815,48.752995],[-86.390716,48.750051],[-86.38527,48.742986],[-86.389097,48.730918],[-86.396309,48.72974],[-86.399841,48.727385],[-86.392776,48.712078],[-86.390569,48.711784],[-86.37482,48.701481],[-86.370405,48.695888],[-86.365253,48.680876],[-86.361427,48.6744],[-86.351271,48.66498],[-86.340085,48.659387],[-86.326545,48.656738],[-86.309619,48.657621],[-86.313151,48.64879],[-86.318008,48.640842],[-86.323895,48.634072],[-86.330077,48.629656],[-86.286364,48.605224],[-86.266789,48.587268],[-86.268555,48.568134],[-86.258546,48.552827],[-86.250893,48.510733],[-86.245006,48.495721],[-86.234261,48.481297],[-86.226019,48.464224],[-86.222928,48.446562],[-86.227638,48.431549],[-86.179215,48.396814],[-86.189665,48.391221],[-86.191726,48.382979],[-86.187605,48.374737],[-86.179215,48.36885],[-86.18628,48.350893],[-86.178185,48.334703],[-86.151839,48.307622],[-86.14242,48.288194],[-86.129321,48.251104],[-86.11784,48.232265],[-86.110923,48.226672],[-86.1043,48.222551],[-86.099295,48.21578],[-86.097235,48.201651],[-86.076777,48.163384],[-86.015549,48.11187],[-86.007895,48.108337],[-86.001567,48.089498],[-85.944754,48.065655],[-85.940192,48.046815],[-85.908842,48.033275],[-85.898686,48.02621],[-85.891622,48.019439],[-85.874696,47.995596],[-85.859241,47.984999],[-85.743115,47.952324],[-85.533086,47.926126],[-85.424171,47.927304],[-85.278903,47.958212],[-84.929051,47.971752],[-84.921545,47.968514],[-84.911683,47.954385],[-84.901528,47.951147],[-84.898731,47.953208],[-84.894757,47.958212],[-84.888281,47.962627],[-84.877537,47.964982],[-84.858551,47.960861],[-84.844568,47.950264],[-84.838828,47.934957],[-84.843538,47.917001],[-84.850161,47.910525],[-84.877537,47.89669],[-84.891372,47.881088],[-84.898143,47.875495],[-84.924783,47.86166],[-84.935674,47.851063],[-84.939059,47.834579],[-84.933613,47.823099],[-84.921397,47.811618],[-84.905943,47.803376],[-84.891225,47.801021],[-84.901528,47.787775],[-84.932583,47.760693],[-84.942592,47.74156],[-84.950981,47.738616],[-84.970115,47.73891],[-84.977179,47.735378],[-84.984244,47.72743],[-84.9944,47.710946],[-84.970409,47.69976],[-84.971586,47.68828],[-84.997491,47.667086],[-85.003083,47.652956],[-85.007352,47.634117],[-85.014416,47.620576],[-85.028399,47.622342],[-85.019715,47.606447],[-85.00014,47.590845],[-84.976591,47.579071],[-84.956132,47.574361],[-84.950098,47.569062],[-84.945682,47.545513],[-84.942444,47.540215],[-84.935821,47.536682],[-84.914627,47.518726],[-84.904913,47.51225],[-84.827348,47.488701],[-84.806007,47.485757],[-84.796293,47.482225],[-84.771272,47.464563],[-84.726823,47.444841],[-84.710191,47.429534],[-84.696503,47.39215],[-84.682079,47.372427],[-84.669863,47.368012],[-84.639691,47.370072],[-84.627475,47.365362],[-84.619674,47.35506],[-84.603337,47.320619],[-84.59745,47.316204],[-84.589649,47.311788],[-84.58332,47.305018],[-84.582731,47.293243],[-84.589207,47.282057],[-84.599216,47.277936],[-84.610402,47.275581],[-84.62041,47.269694],[-84.672218,47.20464],[-84.678841,47.201107],[-84.688114,47.198164],[-84.696503,47.194337],[-84.700036,47.187566],[-84.698711,47.181679],[-84.696356,47.178441],[-84.696062,47.173437],[-84.700036,47.163429],[-84.705776,47.159602],[-84.714901,47.156953],[-84.723143,47.153126],[-84.726823,47.145767],[-84.724321,47.139291],[-84.713135,47.119274],[-84.70975,47.115153],[-84.708719,47.108677],[-84.717697,47.094547],[-84.731238,47.080418],[-84.760233,47.068055],[-84.769947,47.053042],[-84.772596,47.034791],[-84.767739,47.018896],[-84.787462,47.005944],[-84.776865,46.987693],[-84.752285,46.971503],[-84.730208,46.964438],[-84.689291,46.964438],[-84.671041,46.962084],[-84.663387,46.956491],[-84.659266,46.947954],[-84.65176,46.937063],[-84.632185,46.918812],[-84.621146,46.912042],[-84.609519,46.909098],[-84.594064,46.909981],[-84.593476,46.915574],[-84.596861,46.923816],[-84.593329,46.933825],[-84.57287,46.946482],[-84.553295,46.946188],[-84.532395,46.940595],[-84.508257,46.937063],[-84.459687,46.943244],[-84.43658,46.941184],[-84.39478,46.912336],[-84.374763,46.903211],[-84.360192,46.893202],[-84.356218,46.87554],[-84.359603,46.872597],[-84.377412,46.848165],[-84.389334,46.839922],[-84.398165,46.838156],[-84.421714,46.840806],[-84.45012,46.852286],[-84.462925,46.854346],[-84.477643,46.853169],[-84.487063,46.849931],[-84.495747,46.845515],[-84.53946,46.831975],[-84.549321,46.827265],[-84.543728,46.811369],[-84.542845,46.786054],[-84.547702,46.762505],[-84.559182,46.751908],[-84.565953,46.740722],[-84.561243,46.716878],[-84.546083,46.69745],[-84.521357,46.69745],[-84.511201,46.710991],[-84.504136,46.731596],[-84.494422,46.75073],[-84.476908,46.758972],[-84.458657,46.753674],[-84.441584,46.740722],[-84.429221,46.72512],[-84.425099,46.710991],[-84.434078,46.693623],[-84.490301,46.659183],[-84.563009,46.601193],[-84.575814,46.585886],[-84.588472,46.562926],[-84.589207,46.542026],[-84.546525,46.526425],[-84.532837,46.512001],[-84.521357,46.495811],[-84.508257,46.484625],[-84.493833,46.480504],[-84.492983,46.473515]],[[-86.60413,46.47285],[-86.597507,46.484625],[-86.601922,46.496694],[-86.614874,46.498166],[-86.629445,46.496105],[-86.639159,46.498754],[-86.639159,46.506997],[-86.632978,46.516122],[-86.617965,46.532901],[-86.628268,46.553212],[-86.635185,46.560865],[-86.645341,46.566458],[-86.669037,46.571757],[-86.687729,46.567047],[-86.698915,46.5538],[-86.700534,46.532901],[-86.697591,46.522892],[-86.692734,46.515828],[-86.686699,46.508763],[-86.680076,46.498754],[-86.675808,46.485802],[-86.676985,46.478738],[-86.676249,46.474911],[-86.666535,46.47079],[-86.660206,46.471379],[-86.657263,46.481976],[-86.652111,46.484625],[-86.64696,46.48227],[-86.641661,46.477855],[-86.638423,46.473145],[-86.639159,46.47079],[-86.616935,46.469318],[-86.60413,46.47285]],[[-86.956189,48.641137],[-86.946623,48.6535],[-86.953835,48.670573],[-86.960605,48.672928],[-86.975029,48.675577],[-86.981652,48.677932],[-86.993868,48.66498],[-87.030958,48.661448],[-87.046265,48.653794],[-87.045823,48.642314],[-87.027278,48.63731],[-86.987981,48.636427],[-86.994751,48.623475],[-86.956189,48.641137]],[[-85.610651,47.73891],[-85.59137,47.751568],[-85.594019,47.763343],[-85.610062,47.773057],[-85.69425,47.798372],[-85.713678,47.801021],[-85.73399,47.807792],[-85.858653,47.803376],[-85.881908,47.793368],[-85.925915,47.765698],[-85.95388,47.759516],[-85.955057,47.754217],[-85.954763,47.747153],[-85.952996,47.741265],[-85.9502,47.73891],[-85.94652,47.736556],[-85.942841,47.731846],[-85.937837,47.726842],[-85.929742,47.724781],[-85.921647,47.723898],[-85.906634,47.719777],[-85.83216,47.716539],[-85.803901,47.721249],[-85.775201,47.73214],[-85.756508,47.720954],[-85.733401,47.718011],[-85.709263,47.720071],[-85.670113,47.727725],[-85.662165,47.730668],[-85.655394,47.735672],[-85.645975,47.739794],[-85.621542,47.737733],[-85.610651,47.73891]],[[-87.714766,47.416876],[-87.714766,47.423646],[-87.728012,47.432477],[-87.747735,47.454555],[-87.7626,47.464563],[-87.799984,47.47987],[-87.819707,47.483991],[-88.052549,47.484285],[-88.137031,47.473394],[-88.209445,47.453377],[-88.223427,47.446018],[-88.238587,47.433949],[-88.249478,47.429534],[-88.260811,47.431889],[-88.272291,47.43601],[-88.28333,47.437187],[-88.290836,47.433949],[-88.317476,47.416876],[-88.397985,47.388912],[-88.431248,47.372427],[-88.526622,47.28294],[-88.544431,47.270283],[-88.587703,47.251738],[-88.605512,47.238786],[-88.613607,47.221713],[-88.617728,47.197869],[-88.619052,47.152537],[-88.606248,47.139879],[-88.516025,47.135758],[-88.506017,47.129577],[-88.489091,47.111915],[-88.48232,47.108382],[-88.437577,47.115153],[-88.424036,47.124867],[-88.423447,47.143706],[-88.436105,47.154892],[-88.462156,47.142529],[-88.452295,47.158719],[-88.434192,47.176969],[-88.414322,47.191393],[-88.399457,47.196986],[-88.405197,47.18109],[-88.409318,47.145472],[-88.413733,47.128694],[-88.423447,47.110737],[-88.433014,47.101906],[-88.462156,47.087777],[-88.47761,47.076591],[-88.483498,47.065994],[-88.48026,47.054514],[-88.424183,46.992403],[-88.409612,46.997407],[-88.396955,47.010065],[-88.376202,47.036558],[-88.344852,47.091309],[-88.336168,47.100435],[-88.298195,47.113681],[-88.289512,47.125456],[-88.284508,47.140468],[-88.27185,47.147533],[-88.254188,47.149299],[-88.234907,47.149299],[-88.234907,47.156069],[-88.246093,47.169022],[-88.242119,47.187861],[-88.229756,47.206406],[-88.215038,47.21818],[-88.201938,47.221124],[-88.188692,47.220535],[-88.175887,47.221418],[-88.163818,47.228483],[-88.122607,47.262629],[-88.112746,47.268222],[-88.087872,47.274993],[-88.077275,47.279702],[-88.060644,47.303252],[-88.05402,47.307078],[-88.032532,47.310611],[-88.01119,47.319442],[-87.948932,47.35506],[-87.96527,47.368012],[-88.000299,47.37802],[-88.030177,47.383319],[-88.017519,47.395388],[-87.997355,47.397742],[-87.953789,47.396271],[-87.899332,47.40834],[-87.878727,47.410106],[-87.856355,47.407751],[-87.816027,47.398331],[-87.793655,47.396271],[-87.773344,47.400097],[-87.737285,47.415404],[-87.714766,47.416876]],[[-88.635978,48.034746],[-88.595356,48.059767],[-88.591235,48.064183],[-88.592707,48.071836],[-88.598153,48.090087],[-88.598594,48.095091],[-88.575486,48.115991],[-88.502779,48.14631],[-88.475697,48.163384],[-88.462892,48.174275],[-88.458182,48.179279],[-88.45465,48.184578],[-88.465836,48.174569],[-88.479818,48.169271],[-88.509255,48.163384],[-88.504839,48.17192],[-88.497038,48.178985],[-88.475697,48.190759],[-88.550171,48.1625],[-88.571365,48.149843],[-88.587997,48.154847],[-88.62023,48.145133],[-88.63274,48.149843],[-88.708539,48.108337],[-88.708539,48.122467],[-88.74033,48.100684],[-88.787429,48.077135],[-88.832908,48.06065],[-88.859401,48.061239],[-88.878093,48.047698],[-88.903114,48.037101],[-88.928429,48.031508],[-88.948151,48.033863],[-88.982886,48.016201],[-89.123592,47.964393],[-89.215581,47.917001],[-89.205131,47.905521],[-89.188353,47.906404],[-89.153618,47.917001],[-89.153618,47.91023],[-89.192474,47.895807],[-89.201893,47.889625],[-89.215581,47.865781],[-89.214404,47.857245],[-89.211166,47.856656],[-89.20675,47.857539],[-89.201893,47.855184],[-89.182612,47.838111],[-89.160977,47.832518],[-89.137575,47.835168],[-88.966549,47.890802],[-88.914005,47.89669],[-88.914005,47.90346],[-89.002756,47.90346],[-88.989804,47.91494],[-88.952273,47.93113],[-88.948151,47.938195],[-88.687345,48.012669],[-88.635978,48.034746]],[[-90.409522,47.073648],[-90.407903,47.076591],[-90.407903,47.081595],[-90.438959,47.081595],[-90.460006,47.063639],[-90.47178,47.034791],[-90.475607,47.002117],[-90.432777,47.015658],[-90.410258,47.033614],[-90.414821,47.067466],[-90.412024,47.070998],[-90.409522,47.073648]],[[-88.085076,48.941977],[-88.089638,48.929613],[-88.081102,48.923726],[-88.066089,48.921371],[-88.049458,48.91519],[-88.034151,48.906653],[-88.022671,48.896645],[-88.019727,48.917839],[-88.02164,48.937856],[-88.032679,48.952574],[-88.057406,48.959344],[-88.072713,48.95434],[-88.085076,48.941977]],[[-88.086989,48.826586],[-88.098322,48.818049],[-88.096556,48.796266],[-88.085223,48.752701],[-88.068297,48.712078],[-88.061085,48.706485],[-88.047103,48.704719],[-88.036947,48.705897],[-88.026939,48.709135],[-88.019433,48.714728],[-88.016489,48.722381],[-88.017666,48.736216],[-87.990879,48.752995],[-87.982196,48.755939],[-87.935833,48.765064],[-87.910371,48.767419],[-87.897566,48.766241],[-87.873575,48.760943],[-87.818235,48.759177],[-87.809551,48.768596],[-87.810434,48.794206],[-87.784677,48.787141],[-87.772756,48.795972],[-87.76937,48.8154],[-87.76937,48.841893],[-87.764072,48.848369],[-87.7626,48.851607],[-87.7626,48.856317],[-87.772461,48.85926],[-87.965858,48.867503],[-88.016489,48.856317],[-88.086989,48.826586]],[[-87.67017,48.747696],[-87.605557,48.76006],[-87.652655,48.794206],[-87.67591,48.829235],[-87.687537,48.841893],[-87.706524,48.846014],[-87.727718,48.845425],[-87.745968,48.839832],[-87.75583,48.828352],[-87.754946,48.818932],[-87.750089,48.807452],[-87.743761,48.798033],[-87.738315,48.794206],[-87.725216,48.791557],[-87.723008,48.785669],[-87.728454,48.774189],[-87.734341,48.772717],[-87.745527,48.765064],[-87.750531,48.757116],[-87.738315,48.752995],[-87.693719,48.746225],[-87.67017,48.747696]],[[-89.15038,48.248749],[-89.174076,48.239918],[-89.170249,48.232559],[-89.165834,48.226966],[-89.160535,48.222551],[-89.153618,48.218135],[-89.142137,48.224906],[-89.13522,48.221668],[-89.130657,48.215192],[-89.125653,48.211954],[-89.114173,48.213425],[-89.037344,48.244334],[-89.023214,48.25287],[-89.045733,48.259346],[-89.056183,48.264645],[-89.064867,48.273476],[-89.099455,48.274064],[-89.115645,48.271121],[-89.129333,48.262879],[-89.138899,48.255225],[-89.15038,48.248749]],[[-87.464556,48.764475],[-87.447336,48.788024],[-87.501941,48.800976],[-87.522988,48.800976],[-87.508711,48.774778],[-87.487075,48.761237],[-87.464556,48.764475]],[[-90.585258,46.848753],[-90.583933,46.85935],[-90.599829,46.87554],[-90.620287,46.872891],[-90.677394,46.853169],[-90.689168,46.844632],[-90.70109,46.832269],[-90.777183,46.800478],[-90.7972,46.779578],[-90.796317,46.762799],[-90.781598,46.757206],[-90.737149,46.779872],[-90.681956,46.790175],[-90.668121,46.806659],[-90.686224,46.808425],[-90.676069,46.820494],[-90.651784,46.834329],[-90.627057,46.840806],[-90.600712,46.842572],[-90.585258,46.848753]],[[-84.541815,46.900856],[-84.549321,46.882311],[-84.532542,46.882311],[-84.486622,46.895557],[-84.470137,46.89644],[-84.454389,46.895852],[-84.439376,46.896735],[-84.425099,46.902916],[-84.441584,46.907037],[-84.458951,46.905566],[-84.476613,46.906449],[-84.493981,46.916457],[-84.512378,46.922639],[-84.528863,46.915868],[-84.541815,46.900856]],[[-90.771001,46.943833],[-90.74024,46.926171],[-90.730085,46.916457],[-90.710362,46.924111],[-90.700501,46.930881],[-90.702267,46.940889],[-90.716397,46.957374],[-90.723167,46.9612],[-90.741123,46.967088],[-90.750543,46.971798],[-90.754517,46.963555],[-90.758932,46.956491],[-90.764231,46.950309],[-90.771001,46.943833]],[[-90.530947,46.950015],[-90.530653,46.965027],[-90.546549,46.967088],[-90.585405,46.957374],[-90.635299,46.949426],[-90.648251,46.943833],[-90.663853,46.927054],[-90.655758,46.921167],[-90.6013,46.924111],[-90.583344,46.922933],[-90.566713,46.917929],[-90.551994,46.909098],[-90.556557,46.924111],[-90.551847,46.934708],[-90.541839,46.94295],[-90.530947,46.950015]],[[-90.936581,46.985633],[-90.928633,46.999173],[-90.943057,47.012714],[-90.95439,47.003],[-90.983238,46.987399],[-90.983974,46.977979],[-90.967784,46.967676],[-90.950858,46.972681],[-90.936581,46.985633]]]}},{"properties":{"scalerank":0,"name":"Lake Michigan"},"type":"Feature","geometry":{"type":"Polygon","coordinates":[[[-84.77451,45.799934],[-84.785401,45.790809],[-84.792613,45.779917],[-84.802916,45.770498],[-84.822933,45.765199],[-84.956427,45.769614],[-84.9944,45.77874],[-84.9944,45.771969],[-84.979976,45.763433],[-84.945388,45.737234],[-84.942444,45.731641],[-84.955102,45.725754],[-84.9944,45.683071],[-85.054008,45.650986],[-85.082267,45.631263],[-85.103609,45.600649],[-85.110526,45.563854],[-85.104198,45.527058],[-85.089038,45.494678],[-85.069463,45.470835],[-85.038113,45.446403],[-85.021187,45.439044],[-84.930081,45.429035],[-84.911095,45.422559],[-84.935674,45.395772],[-84.985863,45.38282],[-85.041792,45.379288],[-85.130249,45.383409],[-85.174403,45.376933],[-85.33439,45.315705],[-85.367801,45.293628],[-85.391644,45.26478],[-85.399298,45.227101],[-85.377956,45.101114],[-85.392674,45.009861],[-85.424171,44.930088],[-85.46862,44.858557],[-85.534705,44.774369],[-85.543389,44.767305],[-85.555458,44.765244],[-85.565908,44.769071],[-85.569882,44.77643],[-85.567527,44.78585],[-85.553103,44.803806],[-85.550159,44.814403],[-85.549129,44.836775],[-85.545597,44.843839],[-85.5219,44.861501],[-85.509684,44.879752],[-85.501148,44.900652],[-85.496143,44.923318],[-85.494672,44.946572],[-85.492464,44.958053],[-85.482603,44.970121],[-85.480395,44.980719],[-85.48481,44.993082],[-85.495702,45.00103],[-85.509243,45.002796],[-85.5219,44.998086],[-85.527346,44.988666],[-85.531614,44.973359],[-85.535588,44.946572],[-85.539121,44.934798],[-85.547951,44.925672],[-85.569734,44.908599],[-85.561639,44.907716],[-85.542359,44.90124],[-85.551189,44.891821],[-85.572825,44.879752],[-85.577093,44.871509],[-85.581803,44.842073],[-85.587102,44.826766],[-85.600937,44.812342],[-85.603733,44.797035],[-85.610062,44.787027],[-85.628018,44.795564],[-85.635966,44.805278],[-85.653628,44.834125],[-85.659515,44.854436],[-85.645533,44.88505],[-85.607119,44.949516],[-85.602703,44.96394],[-85.603881,44.977481],[-85.610504,44.988078],[-85.61904,44.990727],[-85.645386,44.983662],[-85.637438,45.001324],[-85.623014,45.024579],[-85.605058,45.044596],[-85.586807,45.053132],[-85.579154,45.061374],[-85.585483,45.080214],[-85.603881,45.114654],[-85.603439,45.144091],[-85.588721,45.154393],[-85.571206,45.157631],[-85.562817,45.165579],[-85.555458,45.181769],[-85.542947,45.199725],[-85.540445,45.213266],[-85.562817,45.216504],[-85.590193,45.196487],[-85.604911,45.19531],[-85.617863,45.195899],[-85.629932,45.194427],[-85.642001,45.18589],[-85.69322,45.114654],[-85.708674,45.101114],[-85.752387,45.071088],[-85.761513,45.062552],[-85.766811,45.045184],[-85.819355,44.965117],[-85.831424,44.954226],[-85.847173,44.949516],[-85.864099,44.953931],[-85.894271,44.973065],[-85.909136,44.977481],[-85.91679,44.978364],[-85.929153,44.982779],[-85.936806,44.983662],[-85.947109,44.981602],[-85.950053,44.976597],[-85.950642,44.970121],[-85.95388,44.96394],[-85.988909,44.923023],[-86.001125,44.91537],[-86.009367,44.91537],[-86.016579,44.917725],[-86.022761,44.920668],[-86.028354,44.922434],[-86.059703,44.922434],[-86.076482,44.916547],[-86.080751,44.903006],[-86.076777,44.871509],[-86.089876,44.782023],[-86.083547,44.765244],[-86.092378,44.753469],[-86.103122,44.747288],[-86.116221,44.744933],[-86.132117,44.74405],[-86.141831,44.745227],[-86.158168,44.75082],[-86.166116,44.751703],[-86.173034,44.749054],[-86.189224,44.73934],[-86.226166,44.730803],[-86.25472,44.713436],[-86.269585,44.688415],[-86.258694,44.658684],[-86.24162,44.634546],[-86.23382,44.610114],[-86.234114,44.585388],[-86.252365,44.518861],[-86.258694,44.50797],[-86.263698,44.495607],[-86.263992,44.463815],[-86.268555,44.44998],[-86.254131,44.4176],[-86.267525,44.374623],[-86.291662,44.335472],[-86.337289,44.275717],[-86.381149,44.198299],[-86.412646,44.161798],[-86.488739,44.112639],[-86.518323,44.083202],[-86.521855,44.045229],[-86.511405,44.029039],[-86.480939,43.999014],[-86.469458,43.977231],[-86.45945,43.968106],[-86.45268,43.958098],[-86.461511,43.935137],[-86.459891,43.923657],[-86.453563,43.908056],[-86.436784,43.822101],[-86.441935,43.785012],[-86.467251,43.75116],[-86.522002,43.699057],[-86.539664,43.666677],[-86.542902,43.627527],[-86.53569,43.605744],[-86.513466,43.570126],[-86.504929,43.539512],[-86.356275,43.2581],[-86.337436,43.243382],[-86.324778,43.254273],[-86.255456,43.270463],[-86.261196,43.256922],[-86.276797,43.243382],[-86.296078,43.233079],[-86.313004,43.228958],[-86.327133,43.222776],[-86.324042,43.207175],[-86.272676,43.103264],[-86.263992,43.063525],[-86.252954,43.039093],[-86.23956,43.016427],[-86.227638,43.003769],[-86.227197,42.999648],[-86.22808,42.996999],[-86.229699,42.99641],[-86.227638,42.99641],[-86.230876,42.995527],[-86.233525,42.995527],[-86.23485,42.994349],[-86.234409,42.989934],[-86.22234,42.964324],[-86.219249,42.709405],[-86.273117,42.471853],[-86.302407,42.39679],[-86.378941,42.255201],[-86.492566,42.129508],[-86.602952,41.940232],[-86.656527,41.87606],[-86.720992,41.824546],[-86.780748,41.798642],[-86.789874,41.787457],[-86.801207,41.777154],[-87.029633,41.681191],[-87.201689,41.634976],[-87.291912,41.627911],[-87.385814,41.63998],[-87.407744,41.646162],[-87.423051,41.653815],[-87.430116,41.666767],[-87.42673,41.687961],[-87.458816,41.678542],[-87.493698,41.69797],[-87.577592,41.788634],[-87.594665,41.820131],[-87.618509,41.893428],[-87.648387,41.944647],[-87.661339,42.032956],[-87.667079,42.051501],[-87.675615,42.070635],[-87.68062,42.078583],[-87.687537,42.085059],[-87.723008,42.096833],[-87.728454,42.102132],[-87.732722,42.108313],[-87.742142,42.115967],[-87.751561,42.125092],[-87.75583,42.136572],[-87.75789,42.14717],[-87.763041,42.157178],[-87.796893,42.205748],[-87.812789,42.240189],[-87.822503,42.279339],[-87.826183,42.354991],[-87.824564,42.366176],[-87.821031,42.374419],[-87.816321,42.379423],[-87.8122,42.38531],[-87.803517,42.482745],[-87.810434,42.568699],[-87.808079,42.578413],[-87.804105,42.589304],[-87.802339,42.600196],[-87.810287,42.617563],[-87.811906,42.630515],[-87.811759,42.644056],[-87.810434,42.653476],[-87.801456,42.672021],[-87.780409,42.704106],[-87.770106,42.771516],[-87.771284,42.789766],[-87.783058,42.811844],[-87.824564,42.85276],[-87.834425,42.86689],[-87.838252,42.877193],[-87.841195,42.958437],[-87.84929,42.981692],[-87.865627,43.003769],[-87.893003,43.009362],[-87.90051,43.022608],[-87.895653,43.04027],[-87.875194,43.075888],[-87.872692,43.083836],[-87.871809,43.096199],[-87.876224,43.102087],[-87.895358,43.114156],[-87.899774,43.12387],[-87.8958,43.146536],[-87.888441,43.162137],[-87.885055,43.178033],[-87.892856,43.202465],[-87.901981,43.220127],[-87.906102,43.231607],[-87.90728,43.267225],[-87.878727,43.342877],[-87.871809,43.37349],[-87.807932,43.466215],[-87.793361,43.505954],[-87.803517,43.53804],[-87.798512,43.561883],[-87.787621,43.581606],[-87.725952,43.662556],[-87.700489,43.70936],[-87.707995,43.71613],[-87.702255,43.726727],[-87.703433,43.729671],[-87.707995,43.737325],[-87.699312,43.747627],[-87.696221,43.756753],[-87.696957,43.766761],[-87.700489,43.778241],[-87.722714,43.807089],[-87.724774,43.811799],[-87.732133,43.823279],[-87.733016,43.848889],[-87.724333,43.925423],[-87.720947,43.935432],[-87.703286,43.957215],[-87.700489,43.96634],[-87.697693,43.991361],[-87.690186,44.012261],[-87.637642,44.100275],[-87.622335,44.117349],[-87.60747,44.126474],[-87.550216,44.148257],[-87.531083,44.161798],[-87.513568,44.179165],[-87.500616,44.198887],[-87.495759,44.220376],[-87.501941,44.236272],[-87.542857,44.278071],[-87.550216,44.312806],[-87.548008,44.324287],[-87.538736,44.344009],[-87.533437,44.359316],[-87.519455,44.38051],[-87.51607,44.390813],[-87.513862,44.413773],[-87.485456,44.52622],[-87.466028,44.570081],[-87.440418,44.606876],[-87.392437,44.651031],[-87.382576,44.670753],[-87.368594,44.687532],[-87.365356,44.692536],[-87.363884,44.704016],[-87.360351,44.715791],[-87.329296,44.781434],[-87.327971,44.803511],[-87.347988,44.812931],[-87.37139,44.818818],[-87.390377,44.833242],[-87.419371,44.867683],[-87.450132,44.886228],[-87.472946,44.876514],[-87.493257,44.86415],[-87.51607,44.875042],[-87.554632,44.845311],[-87.570233,44.837363],[-87.56464,44.854731],[-87.589661,44.855908],[-87.617626,44.844428],[-87.643088,44.827355],[-87.660161,44.812931],[-87.696221,44.772309],[-87.728454,44.723739],[-87.719476,44.708432],[-87.730367,44.691947],[-87.746999,44.676935],[-87.75583,44.66516],[-87.767163,44.656624],[-87.838252,44.634252],[-87.882848,44.610409],[-87.904336,44.59363],[-87.913462,44.576557],[-87.92244,44.553008],[-87.94437,44.54241],[-87.971304,44.541233],[-87.995295,44.545354],[-88.012515,44.553891],[-88.032679,44.567726],[-88.043423,44.580678],[-88.033268,44.586565],[-88.02429,44.616296],[-88.020316,44.638373],[-88.01487,44.647204],[-88.0081,44.653974],[-87.99868,44.666926],[-87.99191,44.670753],[-87.989113,44.675169],[-87.995,44.690476],[-87.995295,44.696363],[-87.988377,44.720206],[-87.982637,44.729332],[-87.971746,44.740517],[-87.949816,44.754941],[-87.938777,44.764067],[-87.93392,44.774958],[-87.932006,44.786144],[-87.927002,44.798802],[-87.920379,44.81087],[-87.913462,44.820585],[-87.858415,44.866505],[-87.840754,44.893587],[-87.851939,44.922434],[-87.822945,44.949222],[-87.777171,44.963057],[-87.687537,44.977481],[-87.666196,44.984251],[-87.648534,44.993376],[-87.636612,45.007211],[-87.632197,45.028406],[-87.633374,45.049894],[-87.632638,45.06108],[-87.629106,45.069322],[-87.602466,45.098464],[-87.598198,45.107884],[-87.606881,45.152333],[-87.603643,45.173527],[-87.560372,45.190895],[-87.344897,45.422559],[-87.339452,45.433451],[-87.332975,45.457883],[-87.327824,45.467302],[-87.308249,45.482904],[-87.29986,45.491146],[-87.282198,45.539127],[-87.271159,45.554729],[-87.236277,45.592996],[-87.212728,45.610363],[-87.173577,45.668942],[-87.155327,45.679833],[-87.111761,45.69043],[-87.094393,45.700145],[-87.07997,45.73223],[-87.07732,45.734291],[-87.071139,45.77874],[-87.056273,45.818185],[-87.042732,45.838496],[-87.026101,45.847032],[-87.018153,45.858218],[-86.999461,45.909437],[-86.987981,45.923273],[-86.97076,45.923273],[-86.964873,45.912675],[-86.965462,45.89884],[-86.968111,45.888538],[-86.975912,45.875291],[-86.996517,45.852331],[-87.002257,45.840851],[-87.00211,45.822894],[-86.995781,45.808765],[-86.987686,45.796696],[-86.981652,45.78551],[-86.979886,45.768731],[-86.987981,45.72075],[-86.983712,45.704854],[-86.974293,45.69308],[-86.964873,45.689842],[-86.960605,45.700145],[-86.95251,45.706915],[-86.914243,45.71604],[-86.888338,45.718984],[-86.871413,45.723988],[-86.856989,45.731347],[-86.850807,45.740767],[-86.84389,45.756368],[-86.81725,45.785216],[-86.81725,45.799934],[-86.804739,45.806116],[-86.795467,45.81318],[-86.788108,45.822306],[-86.782515,45.83408],[-86.791934,45.855274],[-86.779129,45.865283],[-86.756758,45.868226],[-86.73836,45.868226],[-86.701859,45.849387],[-86.677427,45.842322],[-86.655496,45.850859],[-86.641514,45.8644],[-86.626943,45.874702],[-86.610459,45.88265],[-86.590736,45.888538],[-86.569984,45.892364],[-86.557179,45.890304],[-86.547612,45.882356],[-86.536132,45.868226],[-86.568806,45.802289],[-86.566451,45.792575],[-86.563213,45.79022],[-86.562036,45.78551],[-86.563213,45.7808],[-86.566451,45.77874],[-86.57381,45.779917],[-86.587204,45.784627],[-86.594122,45.78551],[-86.618259,45.78551],[-86.628562,45.784627],[-86.62974,45.781683],[-86.628562,45.777268],[-86.633714,45.768437],[-86.637393,45.755779],[-86.639159,45.751658],[-86.642544,45.749892],[-86.64799,45.749598],[-86.654025,45.74842],[-86.659029,45.744593],[-86.669479,45.715746],[-86.676396,45.706915],[-86.708924,45.684838],[-86.712309,45.673652],[-86.700534,45.655401],[-86.689937,45.644804],[-86.659029,45.628025],[-86.64225,45.616251],[-86.6318,45.610363],[-86.621792,45.608009],[-86.611342,45.612718],[-86.611047,45.623315],[-86.615316,45.633913],[-86.617965,45.638917],[-86.619142,45.643921],[-86.624294,45.653046],[-86.625471,45.658934],[-86.622528,45.666587],[-86.615904,45.667764],[-86.608545,45.667176],[-86.603688,45.668942],[-86.584113,45.704854],[-86.568953,45.718689],[-86.537162,45.726932],[-86.532011,45.733996],[-86.529803,45.744005],[-86.529361,45.755191],[-86.524357,45.761961],[-86.512435,45.764022],[-86.488298,45.765199],[-86.447381,45.77874],[-86.441494,45.78345],[-86.433104,45.79493],[-86.426334,45.799934],[-86.411469,45.803172],[-86.373937,45.806704],[-86.357894,45.813475],[-86.350535,45.819656],[-86.357894,45.826721],[-86.331402,45.883239],[-86.298138,45.926511],[-86.251923,45.954475],[-86.079867,45.973609],[-86.042042,45.970665],[-85.978312,45.955064],[-85.919145,45.929749],[-85.923266,45.953003],[-85.915907,45.968016],[-85.897509,45.975669],[-85.790213,45.986855],[-85.66187,45.984795],[-85.64465,45.991565],[-85.630962,46.007166],[-85.610651,46.038663],[-85.545744,46.098125],[-85.525285,46.106956],[-85.445513,46.101657],[-85.414604,46.11402],[-85.405185,46.115198],[-85.394146,46.110194],[-85.382077,46.101657],[-85.37045,46.095476],[-85.360441,46.098125],[-85.339542,46.109311],[-85.3182,46.103718],[-85.281699,46.080463],[-85.260946,46.075164],[-85.192948,46.073693],[-85.170577,46.069277],[-85.117885,46.046317],[-85.02104,46.025123],[-85.004114,46.014525],[-84.968348,45.984206],[-84.956132,45.978024],[-84.946713,45.971548],[-84.925077,45.942995],[-84.914774,45.936519],[-84.894905,45.934753],[-84.871355,45.928277],[-84.85178,45.916797],[-84.843538,45.89884],[-84.824404,45.880295],[-84.780839,45.862339],[-84.77451,45.799934]],[[-86.994751,45.223863],[-86.981652,45.244469],[-86.988128,45.253888],[-86.99166,45.262425],[-86.991807,45.270667],[-86.987981,45.279204],[-86.982977,45.292156],[-86.990041,45.295688],[-87.015357,45.292156],[-87.045823,45.29245],[-87.057598,45.296571],[-87.071139,45.30658],[-87.078203,45.299515],[-87.08203,45.292745],[-87.083796,45.284797],[-87.084238,45.275377],[-87.087917,45.269784],[-87.096454,45.268018],[-87.105579,45.267135],[-87.111466,45.26478],[-87.128687,45.220625],[-87.131336,45.206496],[-87.13899,45.197076],[-87.172694,45.187951],[-87.180348,45.178826],[-87.187412,45.168229],[-87.203455,45.169112],[-87.221706,45.174116],[-87.234952,45.175588],[-87.248493,45.166168],[-87.259384,45.150272],[-87.266449,45.131139],[-87.271012,45.09817],[-87.276016,45.088456],[-87.289557,45.073149],[-87.290293,45.069028],[-87.288674,45.056959],[-87.289557,45.053132],[-87.294119,45.052249],[-87.305747,45.054015],[-87.310015,45.053132],[-87.368741,45.000441],[-87.393173,44.964823],[-87.406272,44.922434],[-87.399207,44.882695],[-87.373892,44.845017],[-87.337391,44.82029],[-87.296474,44.820585],[-87.280432,44.830299],[-87.231567,44.87828],[-87.224502,44.887994],[-87.219204,44.907128],[-87.214494,44.91537],[-87.205074,44.921846],[-87.183439,44.929499],[-87.173577,44.936564],[-87.197126,44.954815],[-87.184174,44.986312],[-87.138842,45.039003],[-87.129717,45.060197],[-87.122652,45.069322],[-87.111466,45.073149],[-87.104402,45.071088],[-87.095424,45.067556],[-87.087476,45.06579],[-87.084238,45.069322],[-87.085268,45.088161],[-87.083502,45.091988],[-87.07732,45.101114],[-87.071875,45.104057],[-87.064074,45.104646],[-87.056273,45.106412],[-87.049503,45.114654],[-87.087917,45.142619],[-87.097779,45.155571],[-87.084091,45.159986],[-87.071139,45.158515],[-87.043174,45.148801],[-87.04597,45.15822],[-87.054949,45.172644],[-87.056862,45.182358],[-87.055096,45.192366],[-87.043174,45.223863],[-87.047295,45.230339],[-87.055096,45.235932],[-87.057009,45.240936],[-87.043174,45.244469],[-87.033018,45.242114],[-86.994751,45.223863]],[[-85.487754,45.635384],[-85.487754,45.650103],[-85.498057,45.678067],[-85.500853,45.693669],[-85.499087,45.704854],[-85.496143,45.715451],[-85.495702,45.726049],[-85.500853,45.737234],[-85.506005,45.745182],[-85.504974,45.752541],[-85.498645,45.759312],[-85.487754,45.765199],[-85.503944,45.770203],[-85.539121,45.773736],[-85.555458,45.77874],[-85.555899,45.760195],[-85.558107,45.747537],[-85.562375,45.736646],[-85.569734,45.724282],[-85.578271,45.713685],[-85.587396,45.70456],[-85.594608,45.694257],[-85.605941,45.65128],[-85.620365,45.631263],[-85.625075,45.615073],[-85.604175,45.597117],[-85.572972,45.591524],[-85.536177,45.598589],[-85.504238,45.614485],[-85.487754,45.635384]],[[-85.447573,45.801995],[-85.445513,45.806116],[-85.446985,45.81318],[-85.452725,45.813769],[-85.460378,45.812297],[-85.467296,45.813475],[-85.482161,45.823777],[-85.500853,45.83408],[-85.504533,45.835258],[-85.507918,45.835552],[-85.511156,45.836729],[-85.514394,45.840851],[-85.518368,45.820245],[-85.506005,45.804938],[-85.485252,45.795518],[-85.463469,45.792575],[-85.457729,45.793752],[-85.452136,45.797285],[-85.447573,45.801995]],[[-85.833485,45.398716],[-85.82745,45.416083],[-85.835398,45.432568],[-85.850263,45.446991],[-85.87028,45.460532],[-85.874843,45.462887],[-85.879405,45.462593],[-85.884998,45.457294],[-85.84158,45.404309],[-85.833485,45.398716]],[[-86.091053,45.031938],[-86.076777,45.046362],[-86.086491,45.047245],[-86.095322,45.0496],[-86.103564,45.053721],[-86.110923,45.059314],[-86.129321,45.054898],[-86.143597,45.041652],[-86.15022,45.025168],[-86.145658,45.011038],[-86.123728,45.001618],[-86.106066,45.012804],[-86.091053,45.031938]],[[-86.854045,45.387235],[-86.852868,45.40372],[-86.864495,45.415789],[-86.883481,45.416672],[-86.90291,45.411079],[-86.920424,45.409607],[-86.933376,45.422559],[-86.943826,45.430801],[-86.95251,45.423148],[-86.958544,45.407547],[-86.960605,45.391945],[-86.956631,45.366336],[-86.960016,45.357505],[-86.974293,45.347496],[-86.964579,45.342786],[-86.951774,45.343375],[-86.927047,45.347496],[-86.864495,45.340432],[-86.869205,45.35044],[-86.871854,45.354267],[-86.86214,45.369868],[-86.854045,45.387235]],[[-85.974338,45.087278],[-85.988173,45.096992],[-85.985671,45.108767],[-85.977429,45.121719],[-85.974338,45.134377],[-85.981697,45.146446],[-85.994207,45.154393],[-86.008926,45.160869],[-86.022172,45.169112],[-86.037773,45.168523],[-86.048812,45.161164],[-86.063089,45.14203],[-86.029531,45.089928],[-86.004069,45.074032],[-85.974338,45.087278]]]}},{"properties":{"scalerank":0,"name":"Lake Huron"},"type":"Feature","geometry":{"type":"Polygon","coordinates":[[[-79.671413,44.767893],[-79.662582,44.757885],[-79.739411,44.754647],[-79.765168,44.76701],[-79.776354,44.76495],[-79.792691,44.757885],[-79.798873,44.759945],[-79.799314,44.764655],[-79.798873,44.769365],[-79.802847,44.771426],[-79.873347,44.769365],[-79.881736,44.771426],[-79.881884,44.78114],[-79.876438,44.794975],[-79.874524,44.807632],[-79.885563,44.812931],[-79.926774,44.812931],[-79.941787,44.814697],[-79.942081,44.819113],[-79.935605,44.825589],[-79.930012,44.833537],[-79.925302,44.838541],[-79.918532,44.843251],[-79.915735,44.850315],[-79.923389,44.861501],[-79.934133,44.867388],[-79.947527,44.86886],[-79.985941,44.866505],[-80.005664,44.862384],[-80.015819,44.861501],[-80.028035,44.856791],[-80.035247,44.846489],[-80.040399,44.834714],[-80.046139,44.826766],[-80.061151,44.819113],[-80.06851,44.820585],[-80.075134,44.825294],[-80.087791,44.826766],[-80.099713,44.825294],[-80.10825,44.822351],[-80.113401,44.81558],[-80.115167,44.802334],[-80.113842,44.774664],[-80.107808,44.759945],[-80.093384,44.751998],[-80.067333,44.74405],[-80.048346,44.734925],[-80.008607,44.708432],[-79.994772,44.703133],[-79.99227,44.69283],[-80.005222,44.627482],[-80.005222,44.548886],[-80.013023,44.531225],[-80.031126,44.515035],[-80.067333,44.490897],[-80.108691,44.475295],[-80.150638,44.486776],[-80.195381,44.508559],[-80.245423,44.525043],[-80.32446,44.531519],[-80.365818,44.552419],[-80.425868,44.559189],[-80.450889,44.56596],[-80.495191,44.599223],[-80.512264,44.606876],[-80.535813,44.610409],[-80.557302,44.609525],[-80.577466,44.61188],[-80.598071,44.623949],[-80.616322,44.656035],[-80.623975,44.690476],[-80.639135,44.71844],[-80.680493,44.72992],[-80.763063,44.719323],[-80.826204,44.690476],[-80.937473,44.593335],[-80.942772,44.628659],[-80.88905,44.751703],[-80.89744,44.790854],[-80.934971,44.81087],[-80.985455,44.815286],[-81.032994,44.806161],[-81.078032,44.784083],[-81.119096,44.754647],[-81.127338,44.753469],[-81.131459,44.763478],[-81.131312,44.777607],[-81.126161,44.788793],[-81.117919,44.794975],[-81.051687,44.822351],[-81.036821,44.831476],[-81.006502,44.860912],[-81.000614,44.869155],[-80.998259,44.87828],[-81.00032,44.889466],[-81.00709,44.910954],[-81.005766,44.922434],[-80.987662,44.940096],[-80.961906,44.957169],[-80.953075,44.97071],[-80.985307,44.977481],[-81.007679,44.975126],[-81.03167,44.966295],[-81.044327,44.950988],[-81.032994,44.929205],[-81.050068,44.927439],[-81.070967,44.910366],[-81.087746,44.908599],[-81.08701,44.925084],[-81.105408,44.925378],[-81.149121,44.91537],[-81.149121,44.922434],[-81.126161,44.936858],[-81.112914,44.95246],[-81.116888,44.964823],[-81.200929,44.977481],[-81.204462,44.981307],[-81.191951,45.001618],[-81.190774,45.011038],[-81.210202,45.018103],[-81.235517,45.0078],[-81.257153,45.001913],[-81.266425,45.021635],[-81.262746,45.089045],[-81.266425,45.107884],[-81.280555,45.122602],[-81.301307,45.134082],[-81.319852,45.148801],[-81.327947,45.17235],[-81.319999,45.192366],[-81.286148,45.220037],[-81.279524,45.237404],[-81.30219,45.252417],[-81.607446,45.252122],[-81.629229,45.257715],[-81.628935,45.27155],[-81.64012,45.278615],[-81.649982,45.276849],[-81.670587,45.26478],[-81.692959,45.265074],[-81.698405,45.260365],[-81.691045,45.244469],[-81.714447,45.238876],[-81.71901,45.224452],[-81.710326,45.209734],[-81.694431,45.202964],[-81.669557,45.210911],[-81.656016,45.210911],[-81.649982,45.199725],[-81.644094,45.195604],[-81.613775,45.189717],[-81.601559,45.182358],[-81.595524,45.187362],[-81.574919,45.196487],[-81.577127,45.185007],[-81.58949,45.167345],[-81.595524,45.155571],[-81.572858,45.152627],[-81.545335,45.122308],[-81.523405,45.114654],[-81.521933,45.110239],[-81.506038,45.087278],[-81.497795,45.079919],[-81.491172,45.078153],[-81.487051,45.074915],[-81.485579,45.062552],[-81.481311,45.057842],[-81.462472,45.050483],[-81.458351,45.042535],[-81.456879,45.03547],[-81.433771,44.990138],[-81.427001,44.981896],[-81.424057,44.987489],[-81.421702,44.998969],[-81.416109,45.001913],[-81.409339,44.99838],[-81.403599,44.991021],[-81.392266,44.999558],[-81.380786,45.003973],[-81.370336,45.001913],[-81.362682,44.991021],[-81.366362,44.988372],[-81.371219,44.981896],[-81.375781,44.977481],[-81.369011,44.978069],[-81.355176,44.977186],[-81.348406,44.977481],[-81.357384,44.955109],[-81.36386,44.920374],[-81.361652,44.888877],[-81.344726,44.875042],[-81.330008,44.871215],[-81.3278,44.860912],[-81.328094,44.847666],[-81.321618,44.833537],[-81.311463,44.827355],[-81.288355,44.821173],[-81.279524,44.812931],[-81.286148,44.788793],[-81.277022,44.753469],[-81.274226,44.720501],[-81.299983,44.703133],[-81.279377,44.677524],[-81.270252,44.6631],[-81.266425,44.644849],[-81.270252,44.623949],[-81.280113,44.606582],[-81.379167,44.515035],[-81.389469,44.496784],[-81.399625,44.457045],[-81.409781,44.442327],[-81.430092,44.434379],[-81.47719,44.428197],[-81.495882,44.418483],[-81.539595,44.366086],[-81.554461,44.353723],[-81.564322,44.349896],[-81.572858,44.349013],[-81.580659,44.346658],[-81.588018,44.340182],[-81.594052,44.32723],[-81.593464,44.316927],[-81.589931,44.307213],[-81.588018,44.295733],[-81.591256,44.279838],[-81.615835,44.22332],[-81.660579,44.158265],[-81.722542,44.117054],[-81.738732,44.099981],[-81.742706,44.084085],[-81.729166,43.999603],[-81.711504,43.942202],[-81.710621,43.919536],[-81.71901,43.856542],[-81.722248,43.684339],[-81.699435,43.515374],[-81.701495,43.471514],[-81.711504,43.428242],[-81.730637,43.382321],[-81.752715,43.350236],[-81.781562,43.324626],[-81.880027,43.256628],[-81.907845,43.248386],[-81.950822,43.227486],[-81.974812,43.22572],[-81.985851,43.223365],[-82.005574,43.212473],[-82.095796,43.11916],[-82.115666,43.106208],[-82.152314,43.089429],[-82.377503,43.022314],[-82.417242,43.01731],[-82.424748,43.02408],[-82.431813,43.039387],[-82.458894,43.083247],[-82.468755,43.092373],[-82.475967,43.102087],[-82.526451,43.276645],[-82.547204,43.450908],[-82.579584,43.528326],[-82.636985,43.811799],[-82.67275,43.870083],[-82.677901,43.884212],[-82.681139,43.904818],[-82.689381,43.921302],[-82.742514,43.981352],[-82.7746,44.005785],[-82.81169,44.026096],[-82.923548,44.069956],[-82.948569,44.072605],[-82.968439,44.07025],[-83.018333,44.058181],[-83.033493,44.052],[-83.068964,44.022269],[-83.086479,44.014027],[-83.119889,44.011083],[-83.132399,44.007845],[-83.155654,43.993716],[-83.168312,43.990478],[-83.240284,43.989006],[-83.250145,43.986651],[-83.25824,43.982824],[-83.266924,43.976348],[-83.296802,43.945734],[-83.301659,43.93867],[-83.315935,43.93131],[-83.404833,43.921596],[-83.385994,43.916887],[-83.365536,43.916298],[-83.34758,43.913649],[-83.335805,43.901285],[-83.37054,43.873321],[-83.389232,43.854481],[-83.39718,43.835936],[-83.404245,43.813565],[-83.45252,43.7647],[-83.474156,43.721134],[-83.490346,43.703178],[-83.510216,43.706416],[-83.514631,43.714658],[-83.5189,43.725844],[-83.525964,43.73232],[-83.537886,43.726727],[-83.604559,43.65137],[-83.639736,43.6237],[-83.678886,43.608099],[-83.719361,43.613692],[-83.761014,43.633708],[-83.811939,43.6446],[-83.83225,43.656669],[-83.881703,43.670798],[-83.904369,43.681984],[-83.925416,43.701706],[-83.943373,43.727905],[-83.949554,43.756164],[-83.935425,43.781479],[-83.932334,43.791488],[-83.934983,43.824751],[-83.931745,43.839763],[-83.920854,43.850949],[-83.909815,43.85978],[-83.908196,43.868611],[-83.925416,43.88068],[-83.889651,43.958392],[-83.863306,43.989889],[-83.821947,44.004313],[-83.810026,44.00343],[-83.787948,43.998131],[-83.774702,43.997248],[-83.764988,44.000192],[-83.747915,44.009023],[-83.736729,44.011083],[-83.726721,44.009906],[-83.707145,44.005196],[-83.695812,44.004313],[-83.690072,44.009611],[-83.682713,44.03581],[-83.678445,44.045229],[-83.6599,44.053177],[-83.610447,44.054943],[-83.592491,44.062597],[-83.589841,44.0729],[-83.591607,44.085263],[-83.59043,44.095566],[-83.579097,44.099981],[-83.572474,44.104691],[-83.569677,44.116466],[-83.564084,44.186524],[-83.554076,44.230679],[-83.53244,44.266002],[-83.493584,44.285431],[-83.483576,44.286314],[-83.45252,44.285431],[-83.455906,44.279543],[-83.462676,44.264236],[-83.466208,44.258055],[-83.452373,44.267769],[-83.407041,44.310157],[-83.39718,44.322815],[-83.39144,44.326347],[-83.362739,44.326936],[-83.35332,44.329585],[-83.337718,44.345481],[-83.332861,44.354017],[-83.328446,44.367264],[-83.321381,44.407886],[-83.314758,44.623949],[-83.310343,44.645143],[-83.291356,44.68135],[-83.287382,44.703133],[-83.289884,44.724622],[-83.299598,44.765244],[-83.303572,44.812637],[-83.309018,44.832948],[-83.317554,44.850904],[-83.328446,44.867683],[-83.331242,44.87357],[-83.332861,44.883284],[-83.335805,44.887994],[-83.342428,44.892409],[-83.358913,44.898885],[-83.377163,44.913898],[-83.405275,44.927733],[-83.417785,44.936564],[-83.42853,44.945984],[-83.434564,44.953343],[-83.437508,44.963057],[-83.438244,44.980719],[-83.441482,44.987489],[-83.448694,44.991904],[-83.4562,44.995142],[-83.460027,44.998086],[-83.459291,45.007211],[-83.454139,45.011038],[-83.448546,45.013982],[-83.445603,45.021635],[-83.443542,45.046951],[-83.434564,45.065201],[-83.414842,45.076093],[-83.380254,45.079919],[-83.370982,45.075798],[-83.349051,45.054898],[-83.335805,45.046362],[-83.319615,45.041652],[-83.302836,45.039591],[-83.266924,45.039003],[-83.276343,45.05637],[-83.314022,45.070205],[-83.322117,45.09346],[-83.319026,45.09346],[-83.312109,45.093754],[-83.305044,45.096109],[-83.301659,45.101114],[-83.302542,45.107884],[-83.304897,45.112005],[-83.307399,45.114949],[-83.308429,45.117892],[-83.309754,45.127606],[-83.31726,45.15351],[-83.322117,45.161753],[-83.331978,45.165874],[-83.345666,45.168229],[-83.357882,45.171467],[-83.363181,45.178826],[-83.391145,45.210323],[-83.408955,45.237993],[-83.411457,45.247707],[-83.409543,45.259187],[-83.403803,45.266252],[-83.383639,45.279204],[-83.422495,45.311584],[-83.465325,45.33896],[-83.510216,45.358682],[-83.554959,45.367219],[-83.589547,45.365747],[-83.603382,45.367219],[-83.643563,45.379876],[-83.657987,45.381643],[-83.674618,45.386941],[-83.700228,45.413139],[-83.719361,45.422559],[-83.730694,45.424031],[-83.767196,45.422559],[-83.781031,45.42462],[-83.809143,45.434039],[-83.844025,45.441693],[-83.863158,45.454645],[-83.897599,45.484081],[-83.943078,45.501154],[-84.096148,45.504392],[-84.116017,45.511751],[-84.131324,45.526764],[-84.141185,45.545309],[-84.14457,45.562676],[-84.149869,45.578572],[-84.162674,45.594468],[-84.192405,45.621844],[-84.223902,45.642449],[-84.268792,45.660994],[-84.318245,45.673946],[-84.363725,45.676301],[-84.458363,45.670708],[-84.498985,45.681305],[-84.575961,45.730464],[-84.706364,45.77874],[-84.738744,45.799934],[-84.754934,45.804644],[-84.77451,45.799934],[-84.780839,45.862339],[-84.734476,45.857041],[-84.706364,45.874997],[-84.724026,45.882356],[-84.73168,45.90149],[-84.728442,45.922684],[-84.713135,45.936519],[-84.724173,45.943289],[-84.729914,45.952709],[-84.728736,45.964484],[-84.719316,45.978024],[-84.705923,45.985678],[-84.695326,45.986855],[-84.688408,45.990976],[-84.677664,46.043667],[-84.656617,46.056325],[-84.627769,46.052498],[-84.596419,46.038663],[-84.576403,46.047494],[-84.556386,46.041901],[-84.541079,46.027183],[-84.535044,46.008638],[-84.53372,45.995392],[-84.530335,45.990976],[-84.521357,45.991565],[-84.516647,45.993626],[-84.501634,46.003045],[-84.493981,46.0054],[-84.466163,45.984795],[-84.459834,46.006283],[-84.453358,46.013642],[-84.397429,46.008638],[-84.37285,45.995392],[-84.356218,45.991565],[-84.35563,45.99392],[-84.349448,45.99863],[-84.340764,46.00334],[-84.332669,46.0054],[-84.319864,46.00334],[-84.299259,45.99392],[-84.288515,45.991565],[-84.223018,45.993331],[-84.022262,45.964189],[-84.014314,45.960657],[-84.00357,45.958596],[-83.994445,45.962423],[-83.985025,45.967722],[-83.973251,45.970665],[-83.919382,45.976258],[-83.904369,45.970665],[-83.903045,45.981851],[-83.89966,45.991859],[-83.890681,46.011582],[-83.908049,46.015114],[-83.921148,46.023062],[-83.932775,46.032187],[-83.946022,46.038663],[-83.966333,46.042784],[-83.982523,46.044256],[-83.997536,46.048083],[-84.013578,46.059857],[-84.049491,46.093415],[-84.055231,46.101657],[-84.054495,46.116375],[-84.047283,46.127267],[-84.037275,46.136981],[-84.028002,46.149344],[-84.042132,46.149344],[-84.053465,46.152582],[-84.075689,46.162296],[-84.082312,46.162885],[-84.097031,46.161413],[-84.103654,46.162296],[-84.108069,46.166712],[-84.117342,46.18349],[-84.13574,46.187906],[-84.165617,46.191144],[-84.193288,46.189672],[-84.205357,46.179958],[-84.216542,46.174071],[-84.239503,46.190555],[-84.258342,46.212632],[-84.257606,46.223818],[-84.234646,46.229117],[-84.202707,46.250311],[-84.178717,46.251783],[-84.189314,46.270033],[-84.214776,46.296232],[-84.21978,46.316543],[-84.22449,46.355399],[-84.177539,46.351867],[-84.178717,46.34804],[-84.15502,46.345685],[-84.142951,46.342741],[-84.12264,46.331556],[-84.117489,46.338326],[-84.117195,46.347157],[-84.083343,46.344802],[-84.039041,46.330378],[-83.905547,46.333027],[-83.8845,46.34127],[-83.883028,46.33656],[-83.877141,46.327434],[-83.873314,46.308301],[-83.832544,46.299764],[-83.747326,46.293288],[-83.71318,46.279159],[-83.700669,46.277098],[-83.613979,46.286812],[-83.603382,46.286518],[-83.589105,46.279747],[-83.568794,46.257965],[-83.561141,46.251783],[-83.548189,46.2509],[-83.517869,46.258553],[-83.500355,46.259142],[-83.38776,46.23471],[-83.313875,46.227056],[-83.243963,46.208806],[-83.178467,46.201152],[-83.153005,46.195265],[-83.128867,46.194088],[-83.102374,46.204685],[-83.076176,46.191438],[-83.045709,46.182902],[-82.98301,46.17672],[-82.970646,46.178781],[-82.946214,46.187612],[-82.93179,46.190261],[-82.707632,46.200269],[-82.630067,46.223818],[-82.637573,46.210278],[-82.676282,46.191733],[-82.691,46.17672],[-82.668629,46.169361],[-82.536459,46.182607],[-82.474201,46.201741],[-82.44447,46.204685],[-82.44447,46.197031],[-82.450652,46.18614],[-82.434756,46.187612],[-82.400169,46.197031],[-82.337028,46.194382],[-82.320985,46.197031],[-82.317011,46.190555],[-82.314803,46.18349],[-82.35204,46.185257],[-82.363226,46.18349],[-82.376325,46.179369],[-82.378533,46.177309],[-82.354689,46.165829],[-82.320985,46.156115],[-82.309063,46.15582],[-82.299643,46.157881],[-82.291695,46.160824],[-82.283748,46.162296],[-82.259463,46.16053],[-82.232381,46.154937],[-82.206919,46.145517],[-82.187932,46.131977],[-82.177629,46.126384],[-82.155405,46.127856],[-82.135094,46.119319],[-82.124938,46.123734],[-82.116254,46.131388],[-82.109337,46.135803],[-82.087112,46.134037],[-82.013227,46.115198],[-81.71901,46.107839],[-81.71901,46.101657],[-81.766697,46.078402],[-81.781415,46.059269],[-81.774203,46.032776],[-81.761987,46.019235],[-81.756247,46.022768],[-81.751684,46.03572],[-81.739027,46.055148],[-81.740646,46.058974],[-81.744325,46.063684],[-81.746239,46.07016],[-81.741676,46.073398],[-81.711504,46.073693],[-81.68192,46.076931],[-81.66941,46.08164],[-81.664406,46.09106],[-81.66102,46.105778],[-81.651748,46.118436],[-81.638354,46.126384],[-81.622753,46.12815],[-81.595524,46.107839],[-81.576832,46.103129],[-81.557551,46.101657],[-81.545924,46.098125],[-81.551517,46.078697],[-81.540184,46.066922],[-81.581395,46.05191],[-81.665877,46.033659],[-81.705322,46.018352],[-81.608476,46.03778],[-81.506038,46.046317],[-81.538712,46.036014],[-81.61142,46.029832],[-81.642623,46.018352],[-81.625549,46.012759],[-81.606563,46.010993],[-81.56756,46.011582],[-81.586399,45.992742],[-81.677358,45.950648],[-81.642328,45.955653],[-81.540184,46.0054],[-81.50383,46.018352],[-81.489259,46.019824],[-81.495882,46.008638],[-81.508834,45.992742],[-81.506774,45.983912],[-81.49338,45.981851],[-81.47248,45.984795],[-81.461736,45.988621],[-81.453199,45.993037],[-81.44378,45.996569],[-81.430239,45.998041],[-81.417728,45.995686],[-81.395504,45.986855],[-81.261274,45.96625],[-81.227128,45.969488],[-81.195336,45.980085],[-81.163398,45.998041],[-81.180471,46.01217],[-81.20299,46.008638],[-81.22492,45.996569],[-81.239197,45.984795],[-81.245967,45.991565],[-81.2155,46.009521],[-81.179441,46.018058],[-81.156186,46.01011],[-81.163398,45.978024],[-81.17635,45.944761],[-81.161632,45.936519],[-81.060076,45.956241],[-81.020042,45.95683],[-80.953075,45.944172],[-80.930703,45.943878],[-80.923197,45.946233],[-80.903621,45.954769],[-80.903327,45.95683],[-80.893024,45.953886],[-80.877865,45.941229],[-80.869328,45.936519],[-80.851519,45.933281],[-80.834151,45.935636],[-80.81855,45.943289],[-80.806481,45.95683],[-80.80236,45.941523],[-80.801183,45.927688],[-80.797945,45.916797],[-80.787348,45.909732],[-80.787348,45.913264],[-80.782638,45.920035],[-80.775867,45.926805],[-80.769244,45.929749],[-80.758353,45.92916],[-80.752613,45.926805],[-80.74908,45.922684],[-80.745106,45.915913],[-80.739072,45.900901],[-80.733626,45.871759],[-80.724648,45.860867],[-80.705956,45.854686],[-80.687853,45.853803],[-80.679757,45.851742],[-80.691091,45.840851],[-80.695212,45.842322],[-80.704631,45.844383],[-80.714051,45.843794],[-80.718319,45.837318],[-80.716553,45.828782],[-80.711843,45.825249],[-80.705073,45.823483],[-80.697272,45.819656],[-80.687853,45.817596],[-80.679022,45.819656],[-80.672546,45.819068],[-80.668424,45.802289],[-80.664892,45.798756],[-80.660477,45.796402],[-80.656944,45.792575],[-80.650468,45.787276],[-80.641637,45.782861],[-80.636044,45.777268],[-80.639577,45.768437],[-80.644728,45.760784],[-80.6462,45.753424],[-80.645317,45.745477],[-80.642668,45.737234],[-80.63369,45.723399],[-80.619266,45.711919],[-80.602781,45.703088],[-80.587474,45.696907],[-80.602193,45.691608],[-80.608521,45.690725],[-80.608521,45.683071],[-80.598807,45.683071],[-80.590418,45.6816],[-80.574375,45.676301],[-80.579821,45.662172],[-80.573198,45.65128],[-80.559363,45.64451],[-80.52448,45.638917],[-80.517857,45.630086],[-80.519476,45.616545],[-80.525952,45.600649],[-80.512117,45.598],[-80.508732,45.589169],[-80.509173,45.579455],[-80.506083,45.573274],[-80.492836,45.572096],[-80.480767,45.576512],[-80.469287,45.582693],[-80.457807,45.587109],[-80.445591,45.587403],[-80.433669,45.58652],[-80.423661,45.587697],[-80.416743,45.593879],[-80.416302,45.60271],[-80.4216,45.611835],[-80.437201,45.628025],[-80.41689,45.627142],[-80.406293,45.617134],[-80.396285,45.587109],[-80.391428,45.578278],[-80.387601,45.573568],[-80.38451,45.568858],[-80.382597,45.559144],[-80.382155,45.54737],[-80.38348,45.540894],[-80.385835,45.535301],[-80.395107,45.497033],[-80.394813,45.481138],[-80.388779,45.463476],[-80.360961,45.435806],[-80.35478,45.422265],[-80.368909,45.409018],[-80.362875,45.39901],[-80.354927,45.390768],[-80.34536,45.384586],[-80.334174,45.381643],[-80.328581,45.395478],[-80.327992,45.409901],[-80.332261,45.423737],[-80.341092,45.4361],[-80.3302,45.436983],[-80.319603,45.435806],[-80.309447,45.433451],[-80.300028,45.429918],[-80.309742,45.415789],[-80.311214,45.404014],[-80.306798,45.37811],[-80.300175,45.366336],[-80.284721,45.363686],[-80.255284,45.367219],[-80.243657,45.364275],[-80.22938,45.35044],[-80.181988,45.341609],[-80.168447,45.341903],[-80.162854,45.350734],[-80.167564,45.358976],[-80.177719,45.363981],[-80.187286,45.369868],[-80.19023,45.381643],[-80.183754,45.3943],[-80.171391,45.401659],[-80.142396,45.409018],[-80.114284,45.411079],[-80.084553,45.405192],[-80.065125,45.390473],[-80.067333,45.367219],[-80.054381,45.361626],[-80.044814,45.351617],[-80.037897,45.339254],[-80.033187,45.326302],[-80.072631,45.278909],[-80.084406,45.27155],[-80.105895,45.265369],[-80.123704,45.25065],[-80.127825,45.23446],[-80.10825,45.223863],[-80.114431,45.213266],[-80.115167,45.203847],[-80.110604,45.195604],[-80.100743,45.189717],[-80.096622,45.198842],[-80.091176,45.203847],[-80.077488,45.213266],[-80.066303,45.217976],[-80.059532,45.2115],[-80.054087,45.201786],[-80.046727,45.196487],[-80.036719,45.196193],[-80.029654,45.195016],[-80.024209,45.192955],[-80.01891,45.189717],[-80.01788,45.186185],[-80.001837,45.164696],[-79.998452,45.161753],[-80.003897,45.137026],[-80.030685,45.127606],[-80.067039,45.128489],[-80.100743,45.134377],[-80.095592,45.124074],[-80.088086,45.11642],[-80.078519,45.110828],[-80.067333,45.107884],[-80.074839,45.106412],[-80.07793,45.10494],[-80.080874,45.101114],[-80.073662,45.096992],[-80.06071,45.084629],[-80.053645,45.079919],[-80.014053,45.070205],[-80.001837,45.062552],[-79.997716,45.05431],[-79.998305,45.045184],[-79.996391,45.035176],[-79.984764,45.024579],[-79.972695,45.021635],[-79.943406,45.019869],[-79.93325,45.014865],[-79.928393,44.997792],[-79.930306,44.978364],[-79.92751,44.960996],[-79.909112,44.949516],[-79.898515,44.951871],[-79.873053,44.963057],[-79.868048,44.960113],[-79.862897,44.953931],[-79.851122,44.948633],[-79.837582,44.944806],[-79.826985,44.943334],[-79.834932,44.925378],[-79.832136,44.91537],[-79.813444,44.90124],[-79.807409,44.898297],[-79.801375,44.898591],[-79.796076,44.897119],[-79.792986,44.887994],[-79.796371,44.883578],[-79.805054,44.879457],[-79.814769,44.876514],[-79.82095,44.875042],[-79.804907,44.868566],[-79.791072,44.865622],[-79.779886,44.860618],[-79.772527,44.847077],[-79.774735,44.835303],[-79.7818,44.827944],[-79.782536,44.821173],[-79.76561,44.812931],[-79.738675,44.81352],[-79.718364,44.828238],[-79.714979,44.848843],[-79.738381,44.867683],[-79.696434,44.884756],[-79.690547,44.887994],[-79.681863,44.877691],[-79.679655,44.86209],[-79.68201,44.846489],[-79.686867,44.836775],[-79.713507,44.816169],[-79.723957,44.802334],[-79.721014,44.788793],[-79.705854,44.779962],[-79.671413,44.767893]],[[-80.160058,44.844722],[-80.149166,44.861501],[-80.165798,44.871509],[-80.216134,44.865033],[-80.237917,44.875042],[-80.245423,44.854731],[-80.231147,44.832653],[-80.209364,44.809693],[-80.186698,44.793797],[-80.169772,44.79262],[-80.183018,44.807338],[-80.175512,44.825883],[-80.160058,44.844722]],[[-81.712681,45.299809],[-81.697816,45.32012],[-81.707677,45.318943],[-81.715183,45.320415],[-81.720923,45.323064],[-81.72578,45.326302],[-81.729313,45.32748],[-81.732698,45.328363],[-81.735789,45.329834],[-81.738732,45.333956],[-81.744767,45.326596],[-81.751096,45.32277],[-81.766697,45.32012],[-81.730932,45.300987],[-81.712681,45.299809]],[[-81.805995,45.458472],[-81.768022,45.463476],[-81.734611,45.487614],[-81.711504,45.525587],[-81.709149,45.529119],[-81.706794,45.531768],[-81.705322,45.534712],[-81.705322,45.539127],[-81.775234,45.529119],[-81.790246,45.52176],[-81.796428,45.516167],[-81.804964,45.510574],[-81.814678,45.506159],[-81.824392,45.504392],[-81.837344,45.482315],[-81.84176,45.477017],[-81.805995,45.458472]],[[-81.588754,45.786982],[-81.588018,45.799934],[-81.60568,45.805821],[-81.711504,45.799934],[-81.69605,45.818185],[-81.675886,45.837318],[-81.659843,45.85969],[-81.656899,45.888538],[-81.66573,45.905316],[-81.679712,45.908849],[-81.695167,45.902961],[-81.753598,45.848504],[-81.764784,45.828193],[-81.787155,45.797285],[-81.793484,45.77874],[-81.79216,45.758723],[-81.789216,45.744593],[-81.791865,45.739001],[-81.807761,45.744593],[-81.820418,45.759606],[-81.829985,45.768437],[-81.834401,45.768437],[-81.84647,45.791692],[-81.848677,45.803172],[-81.842496,45.819951],[-81.829838,45.840262],[-81.81983,45.86175],[-81.821302,45.881767],[-81.841171,45.893247],[-81.898278,45.896191],[-81.9102,45.906199],[-81.904901,45.925333],[-81.896217,45.939463],[-81.894598,45.953003],[-81.9102,45.970665],[-81.953618,45.988033],[-82.001305,45.984795],[-82.047962,45.967722],[-82.08829,45.943878],[-82.101095,45.932103],[-82.114341,45.915325],[-82.124938,45.896191],[-82.129206,45.878529],[-82.139804,45.855274],[-82.160703,45.844677],[-82.176305,45.84821],[-82.170859,45.868226],[-82.187196,45.88265],[-82.20736,45.905022],[-82.221342,45.929749],[-82.219282,45.950648],[-82.237238,45.945644],[-82.262406,45.934753],[-82.284631,45.930926],[-82.294345,45.94741],[-82.294345,45.974492],[-82.29773,45.987444],[-82.309652,45.990093],[-82.394576,45.972137],[-82.414151,45.970665],[-82.434904,45.965367],[-82.445942,45.952415],[-82.455509,45.936813],[-82.471846,45.923273],[-82.470669,45.937108],[-82.477439,45.94741],[-82.48995,45.952709],[-82.506581,45.950648],[-82.515707,45.944467],[-82.530425,45.924156],[-82.540728,45.915913],[-82.553974,45.912381],[-82.580761,45.908849],[-82.58915,45.902373],[-82.591947,45.888832],[-82.584146,45.881178],[-82.570164,45.877057],[-82.554415,45.874997],[-82.556329,45.870287],[-82.559567,45.859101],[-82.561922,45.854391],[-82.532044,45.860867],[-82.517767,45.858218],[-82.506581,45.847032],[-82.508347,45.827015],[-82.522918,45.805527],[-82.539697,45.791986],[-82.547645,45.796107],[-82.549706,45.807882],[-82.555004,45.818479],[-82.567956,45.83408],[-82.574874,45.839379],[-82.585765,45.846149],[-82.598129,45.852036],[-82.60902,45.854391],[-82.616379,45.849976],[-82.62624,45.840556],[-82.637132,45.83408],[-82.647435,45.837318],[-82.653175,45.847327],[-82.656118,45.857335],[-82.659945,45.864988],[-82.667893,45.868226],[-82.690264,45.863517],[-82.739865,45.845855],[-82.759882,45.847032],[-82.763561,45.852625],[-82.771803,45.87588],[-82.773422,45.8853],[-82.778721,45.891481],[-82.815075,45.89884],[-82.837594,45.915913],[-82.837152,45.93122],[-82.825672,45.948293],[-82.815075,45.970665],[-82.811101,45.984206],[-82.809776,45.992742],[-82.815516,45.996864],[-82.832148,45.998041],[-82.844511,45.994803],[-82.858788,45.981262],[-82.866589,45.978024],[-82.909713,45.975669],[-82.93444,45.971254],[-82.95166,45.964484],[-82.955928,45.957419],[-82.959019,45.947999],[-82.964465,45.939757],[-82.975798,45.936519],[-82.996109,45.937696],[-83.003909,45.940934],[-83.006853,45.94741],[-83.01274,45.955064],[-83.026576,45.961245],[-83.042766,45.964778],[-83.055276,45.964484],[-83.065284,45.959185],[-83.070289,45.95212],[-83.074557,45.944172],[-83.081916,45.936519],[-83.088981,45.93122],[-83.100461,45.925039],[-83.111352,45.925333],[-83.116062,45.940051],[-83.11827,45.953003],[-83.12401,45.958891],[-83.131958,45.962129],[-83.140347,45.967427],[-83.163896,45.975669],[-83.190095,45.96625],[-83.212761,45.947999],[-83.226007,45.929749],[-83.22483,45.886771],[-83.183913,45.874114],[-83.127984,45.873819],[-83.081916,45.868226],[-83.060869,45.857041],[-83.055129,45.85498],[-83.044385,45.854391],[-83.033346,45.852331],[-83.020247,45.842911],[-83.010533,45.840851],[-82.965789,45.839967],[-82.949011,45.832314],[-82.95166,45.813475],[-82.921635,45.81112],[-82.891757,45.803172],[-82.864528,45.800817],[-82.842451,45.813475],[-82.831854,45.804644],[-82.821257,45.802289],[-82.809335,45.801995],[-82.794617,45.799934],[-82.789465,45.798168],[-82.773864,45.789042],[-82.765622,45.787865],[-82.754436,45.797873],[-82.746194,45.799934],[-82.729415,45.789631],[-82.717935,45.785216],[-82.712636,45.789042],[-82.707779,45.796402],[-82.696446,45.797579],[-82.683788,45.794635],[-82.67481,45.789042],[-82.65553,45.77403],[-82.633452,45.766082],[-82.532191,45.750186],[-82.5082,45.741061],[-82.47111,45.712213],[-82.452565,45.705149],[-82.339088,45.694846],[-82.333495,45.689253],[-82.330404,45.681305],[-82.324664,45.672769],[-82.313626,45.667764],[-82.302587,45.671002],[-82.291401,45.676007],[-82.280068,45.676301],[-82.273003,45.670414],[-82.261082,45.650103],[-82.253281,45.642155],[-82.20839,45.628025],[-82.202209,45.624787],[-82.184105,45.611247],[-82.174244,45.608009],[-82.119492,45.608892],[-82.098593,45.601533],[-82.101978,45.580927],[-82.089909,45.581221],[-82.080048,45.577395],[-82.072836,45.569741],[-82.06842,45.559144],[-82.058706,45.564148],[-82.049139,45.566503],[-82.026768,45.566503],[-82.015876,45.568269],[-82.010431,45.572685],[-82.006604,45.579455],[-81.994093,45.594173],[-81.989825,45.600944],[-81.984379,45.605948],[-81.937428,45.61419],[-81.904607,45.637739],[-81.874876,45.665115],[-81.841613,45.687487],[-81.797164,45.696907],[-81.789657,45.699261],[-81.780385,45.703971],[-81.770082,45.706915],[-81.759927,45.703677],[-81.752715,45.694552],[-81.753009,45.685721],[-81.759338,45.67895],[-81.788627,45.670119],[-81.813059,45.64186],[-81.846911,45.631558],[-81.861629,45.621549],[-81.886209,45.597117],[-81.899602,45.587697],[-81.909022,45.587109],[-81.911377,45.594173],[-81.903282,45.608009],[-81.928744,45.602416],[-81.95612,45.591524],[-81.979375,45.576806],[-81.992622,45.559144],[-81.970397,45.557672],[-81.948025,45.565031],[-81.930658,45.568564],[-81.914321,45.539127],[-81.891802,45.528825],[-81.86472,45.524409],[-81.84176,45.525587],[-81.822037,45.532946],[-81.805112,45.545603],[-81.756541,45.600649],[-81.746239,45.608009],[-81.735494,45.610658],[-81.72372,45.610952],[-81.71798,45.613307],[-81.72578,45.621844],[-81.710473,45.646276],[-81.649982,45.703677],[-81.664406,45.709859],[-81.621723,45.740178],[-81.612597,45.744593],[-81.604797,45.751953],[-81.595671,45.768437],[-81.588754,45.786982]],[[-80.221285,45.310995],[-80.22732,45.296571],[-80.217459,45.27155],[-80.210247,45.261248],[-80.202005,45.252417],[-80.192143,45.246529],[-80.179927,45.244469],[-80.171243,45.248001],[-80.160941,45.265957],[-80.149166,45.27155],[-80.156084,45.25801],[-80.096769,45.290978],[-80.074103,45.299515],[-80.080874,45.30658],[-80.075575,45.310995],[-80.07219,45.315999],[-80.067333,45.326302],[-80.059827,45.333956],[-80.069541,45.33896],[-80.07425,45.340432],[-80.080874,45.340432],[-80.074103,45.347496],[-80.091176,45.347791],[-80.104864,45.342198],[-80.11605,45.333072],[-80.125617,45.323358],[-80.138422,45.318649],[-80.155201,45.321298],[-80.171685,45.32748],[-80.183312,45.333956],[-80.221285,45.310995]],[[-84.36711,45.774619],[-84.356218,45.78551],[-84.388598,45.792869],[-84.400962,45.800523],[-84.40523,45.813475],[-84.420095,45.826721],[-84.424805,45.821423],[-84.426424,45.808765],[-84.432017,45.799934],[-84.44232,45.800228],[-84.466016,45.810825],[-84.531954,45.8226],[-84.559182,45.823777],[-84.582731,45.813475],[-84.568896,45.801995],[-84.521357,45.771969],[-84.487799,45.744005],[-84.473522,45.737234],[-84.455713,45.733408],[-84.434666,45.73223],[-84.414208,45.733408],[-84.397871,45.737234],[-84.38536,45.746654],[-84.36711,45.774619]],[[-83.268248,45.939168],[-83.266924,45.960657],[-83.271928,45.968605],[-83.283261,45.968899],[-83.301659,45.964484],[-83.311226,45.969193],[-83.335805,45.991565],[-83.352731,46.001868],[-83.369804,46.00069],[-83.387907,45.995097],[-83.408219,45.991565],[-83.417197,45.988916],[-83.423526,45.982734],[-83.432062,45.970665],[-83.460027,45.950648],[-83.471507,45.939168],[-83.479896,45.927099],[-83.4849,45.912381],[-83.486667,45.89207],[-83.440157,45.891776],[-83.424556,45.888538],[-83.392176,45.869993],[-83.376133,45.863222],[-83.35332,45.860867],[-83.337571,45.864694],[-83.321676,45.873819],[-83.281348,45.908849],[-83.272811,45.922684],[-83.268248,45.939168]],[[-84.384183,45.958007],[-84.34253,45.95683],[-84.348712,45.96831],[-84.357837,45.975964],[-84.369612,45.979496],[-84.383594,45.978024],[-84.378001,45.991271],[-84.384183,45.997747],[-84.411412,46.0054],[-84.425394,45.995392],[-84.432017,45.991565],[-84.432017,45.984795],[-84.424069,45.983617],[-84.420095,45.982145],[-84.417004,45.980085],[-84.411412,45.978024],[-84.425099,45.970665],[-84.402286,45.962129],[-84.384183,45.958007]],[[-83.892889,46.104306],[-83.885677,46.14905],[-83.870223,46.162296],[-83.852267,46.156998],[-83.831956,46.144929],[-83.815177,46.142868],[-83.802078,46.185845],[-83.790303,46.205273],[-83.782355,46.22323],[-83.787654,46.238242],[-83.795455,46.240008],[-83.804138,46.237065],[-83.814147,46.235593],[-83.825627,46.241775],[-83.836518,46.255315],[-83.841081,46.262969],[-83.842994,46.26915],[-83.849765,46.271211],[-83.890681,46.272388],[-83.899954,46.276804],[-83.925416,46.29947],[-83.947199,46.301236],[-83.967363,46.307418],[-83.986203,46.310361],[-84.024176,46.295938],[-84.048019,46.300353],[-84.08246,46.313305],[-84.102035,46.317132],[-84.106303,46.313305],[-84.109835,46.29947],[-84.109247,46.2927],[-84.10645,46.283574],[-84.102918,46.275626],[-84.099827,46.272388],[-84.077603,46.224113],[-84.068772,46.210866],[-84.004012,46.159353],[-83.995917,46.14905],[-83.993267,46.13963],[-83.991648,46.130799],[-83.986938,46.12138],[-83.98061,46.115787],[-83.964861,46.106367],[-83.958974,46.101657],[-83.953087,46.090177],[-83.952056,46.081346],[-83.948524,46.075753],[-83.935425,46.073693],[-83.925711,46.076931],[-83.906724,46.091354],[-83.900984,46.094592],[-83.892889,46.104306]],[[-83.517133,45.940051],[-83.482251,45.994214],[-83.47916,46.0054],[-83.498588,46.017175],[-83.523757,46.020707],[-83.545539,46.029538],[-83.554959,46.056619],[-83.562024,46.076048],[-83.579539,46.090177],[-83.62384,46.107839],[-83.687423,46.110488],[-83.715388,46.106073],[-83.716271,46.09106],[-83.703907,46.084584],[-83.689336,46.082524],[-83.678739,46.076931],[-83.678445,46.059857],[-83.684627,46.050732],[-83.695371,46.045434],[-83.719361,46.038663],[-83.743499,46.029538],[-83.755421,46.0263],[-83.771022,46.025123],[-83.778087,46.021001],[-83.793541,46.002162],[-83.805021,45.998041],[-83.823566,46.006283],[-83.844613,46.021296],[-83.865808,46.0263],[-83.8845,46.0054],[-83.886855,45.990976],[-83.881556,45.983912],[-83.87405,45.981851],[-83.870223,45.981557],[-83.865808,45.993331],[-83.855946,45.990093],[-83.845497,45.980968],[-83.839462,45.974198],[-83.832692,45.968605],[-83.808259,45.95683],[-83.802372,45.945939],[-83.801931,45.943878],[-83.795455,45.944467],[-83.785005,45.949471],[-83.780884,45.950648],[-83.743647,45.950648],[-83.733785,45.947705],[-83.722452,45.941523],[-83.711266,45.937402],[-83.702436,45.940051],[-83.679622,45.955358],[-83.657692,45.955064],[-83.616334,45.936519],[-83.592638,45.930337],[-83.563201,45.927982],[-83.535384,45.930632],[-83.517133,45.940051]],[[-84.113515,46.248545],[-84.107922,46.270033],[-84.12161,46.297115],[-84.142363,46.321253],[-84.158258,46.333616],[-84.184457,46.333616],[-84.19211,46.325668],[-84.193141,46.311539],[-84.199175,46.293288],[-84.180336,46.274743],[-84.162674,46.251194],[-84.141921,46.237653],[-84.113515,46.248545]],[[-82.733389,45.934753],[-82.746194,45.936519],[-82.712047,45.911204],[-82.65759,45.902373],[-82.604752,45.914147],[-82.575462,45.950648],[-82.578259,45.967427],[-82.593124,45.971548],[-82.6127,45.972137],[-82.630067,45.978024],[-82.649348,45.972431],[-82.684672,45.96831],[-82.713225,45.958596],[-82.712636,45.936519],[-82.725735,45.929749],[-82.730151,45.933575],[-82.733389,45.934753]],[[-82.254606,46.039841],[-82.26638,46.032776],[-82.255636,46.021296],[-82.232381,46.008344],[-82.207507,45.99863],[-82.191317,45.998041],[-82.203092,46.015408],[-82.210451,46.052498],[-82.225464,46.059857],[-82.23871,46.056914],[-82.246805,46.048966],[-82.254606,46.039841]],[[-81.962008,46.046611],[-81.963479,46.032482],[-81.950527,46.018058],[-81.92742,46.011582],[-81.921091,46.009521],[-81.908875,46.000396],[-81.903282,45.998041],[-81.897542,45.99863],[-81.888711,46.004223],[-81.882824,46.0054],[-81.845587,46.007166],[-81.834401,46.0054],[-81.825275,45.99863],[-81.818799,45.990388],[-81.811735,45.985972],[-81.800843,45.991565],[-81.793926,46.001573],[-81.793043,46.011287],[-81.7979,46.019824],[-81.807761,46.025123],[-81.7979,46.041607],[-81.793484,46.046317],[-81.803345,46.058091],[-81.82086,46.063979],[-81.838522,46.063095],[-81.848677,46.053087],[-81.855595,46.053087],[-81.871932,46.061329],[-81.895187,46.060446],[-81.941108,46.053087],[-81.962008,46.046611]]]}},{"properties":{"scalerank":2,"name":"Georgian Bay"},"type":"Feature","geometry":{"type":"Polygon","coordinates":[[[-79.671413,44.767893],[-79.662582,44.757885],[-79.739411,44.754647],[-79.765168,44.76701],[-79.776354,44.76495],[-79.792691,44.757885],[-79.798873,44.759945],[-79.799314,44.764655],[-79.798873,44.769365],[-79.802847,44.771426],[-79.873347,44.769365],[-79.881736,44.771426],[-79.881884,44.78114],[-79.876438,44.794975],[-79.874524,44.807632],[-79.885563,44.812931],[-79.926774,44.812931],[-79.941787,44.814697],[-79.942081,44.819113],[-79.935605,44.825589],[-79.930012,44.833537],[-79.925302,44.838541],[-79.918532,44.843251],[-79.915735,44.850315],[-79.923389,44.861501],[-79.934133,44.867388],[-79.947527,44.86886],[-79.985941,44.866505],[-80.005664,44.862384],[-80.015819,44.861501],[-80.028035,44.856791],[-80.035247,44.846489],[-80.040399,44.834714],[-80.046139,44.826766],[-80.061151,44.819113],[-80.06851,44.820585],[-80.075134,44.825294],[-80.087791,44.826766],[-80.099713,44.825294],[-80.10825,44.822351],[-80.113401,44.81558],[-80.115167,44.802334],[-80.113842,44.774664],[-80.107808,44.759945],[-80.093384,44.751998],[-80.067333,44.74405],[-80.048346,44.734925],[-80.008607,44.708432],[-79.994772,44.703133],[-79.99227,44.69283],[-80.005222,44.627482],[-80.005222,44.548886],[-80.013023,44.531225],[-80.031126,44.515035],[-80.067333,44.490897],[-80.108691,44.475295],[-80.150638,44.486776],[-80.195381,44.508559],[-80.245423,44.525043],[-80.32446,44.531519],[-80.365818,44.552419],[-80.425868,44.559189],[-80.450889,44.56596],[-80.495191,44.599223],[-80.512264,44.606876],[-80.535813,44.610409],[-80.557302,44.609525],[-80.577466,44.61188],[-80.598071,44.623949],[-80.616322,44.656035],[-80.623975,44.690476],[-80.639135,44.71844],[-80.680493,44.72992],[-80.763063,44.719323],[-80.826204,44.690476],[-80.937473,44.593335],[-80.942772,44.628659],[-80.88905,44.751703],[-80.89744,44.790854],[-80.934971,44.81087],[-80.985455,44.815286],[-81.032994,44.806161],[-81.078032,44.784083],[-81.119096,44.754647],[-81.127338,44.753469],[-81.131459,44.763478],[-81.131312,44.777607],[-81.126161,44.788793],[-81.117919,44.794975],[-81.051687,44.822351],[-81.036821,44.831476],[-81.006502,44.860912],[-81.000614,44.869155],[-80.998259,44.87828],[-81.00032,44.889466],[-81.00709,44.910954],[-81.005766,44.922434],[-80.987662,44.940096],[-80.961906,44.957169],[-80.953075,44.97071],[-80.985307,44.977481],[-81.007679,44.975126],[-81.03167,44.966295],[-81.044327,44.950988],[-81.032994,44.929205],[-81.050068,44.927439],[-81.070967,44.910366],[-81.087746,44.908599],[-81.08701,44.925084],[-81.105408,44.925378],[-81.149121,44.91537],[-81.149121,44.922434],[-81.126161,44.936858],[-81.112914,44.95246],[-81.116888,44.964823],[-81.200929,44.977481],[-81.204462,44.981307],[-81.191951,45.001618],[-81.190774,45.011038],[-81.210202,45.018103],[-81.235517,45.0078],[-81.257153,45.001913],[-81.266425,45.021635],[-81.262746,45.089045],[-81.266425,45.107884],[-81.280555,45.122602],[-81.301307,45.134082],[-81.319852,45.148801],[-81.327947,45.17235],[-81.319999,45.192366],[-81.286148,45.220037],[-81.279524,45.237404],[-81.30219,45.252417],[-81.607446,45.252122],[-81.722395,45.611541],[-81.72578,45.621844],[-81.710473,45.646276],[-81.649982,45.703677],[-81.664406,45.709859],[-81.621723,45.740178],[-81.612597,45.744593],[-81.604797,45.751953],[-81.595671,45.768437],[-81.588754,45.786982],[-81.588018,45.799934],[-81.60568,45.805821],[-81.711504,45.799934],[-81.69605,45.818185],[-81.675886,45.837318],[-81.659843,45.85969],[-81.656899,45.888538],[-81.66573,45.905316],[-81.679712,45.908849],[-81.642328,45.955653],[-81.540184,46.0054],[-81.50383,46.018352],[-81.489259,46.019824],[-81.495882,46.008638],[-81.508834,45.992742],[-81.506774,45.983912],[-81.49338,45.981851],[-81.47248,45.984795],[-81.461736,45.988621],[-81.453199,45.993037],[-81.44378,45.996569],[-81.430239,45.998041],[-81.417728,45.995686],[-81.395504,45.986855],[-81.261274,45.96625],[-81.227128,45.969488],[-81.195336,45.980085],[-81.163398,45.998041],[-81.180471,46.01217],[-81.20299,46.008638],[-81.22492,45.996569],[-81.239197,45.984795],[-81.245967,45.991565],[-81.2155,46.009521],[-81.179441,46.018058],[-81.156186,46.01011],[-81.163398,45.978024],[-81.17635,45.944761],[-81.161632,45.936519],[-81.060076,45.956241],[-81.020042,45.95683],[-80.953075,45.944172],[-80.930703,45.943878],[-80.923197,45.946233],[-80.903621,45.954769],[-80.903327,45.95683],[-80.893024,45.953886],[-80.877865,45.941229],[-80.869328,45.936519],[-80.851519,45.933281],[-80.834151,45.935636],[-80.81855,45.943289],[-80.806481,45.95683],[-80.80236,45.941523],[-80.801183,45.927688],[-80.797945,45.916797],[-80.787348,45.909732],[-80.787348,45.913264],[-80.782638,45.920035],[-80.775867,45.926805],[-80.769244,45.929749],[-80.758353,45.92916],[-80.752613,45.926805],[-80.74908,45.922684],[-80.745106,45.915913],[-80.739072,45.900901],[-80.733626,45.871759],[-80.724648,45.860867],[-80.705956,45.854686],[-80.687853,45.853803],[-80.679757,45.851742],[-80.691091,45.840851],[-80.695212,45.842322],[-80.704631,45.844383],[-80.714051,45.843794],[-80.718319,45.837318],[-80.716553,45.828782],[-80.711843,45.825249],[-80.705073,45.823483],[-80.697272,45.819656],[-80.687853,45.817596],[-80.679022,45.819656],[-80.672546,45.819068],[-80.668424,45.802289],[-80.664892,45.798756],[-80.660477,45.796402],[-80.656944,45.792575],[-80.650468,45.787276],[-80.641637,45.782861],[-80.636044,45.777268],[-80.639577,45.768437],[-80.644728,45.760784],[-80.6462,45.753424],[-80.645317,45.745477],[-80.642668,45.737234],[-80.63369,45.723399],[-80.619266,45.711919],[-80.602781,45.703088],[-80.587474,45.696907],[-80.602193,45.691608],[-80.608521,45.690725],[-80.608521,45.683071],[-80.598807,45.683071],[-80.590418,45.6816],[-80.574375,45.676301],[-80.579821,45.662172],[-80.573198,45.65128],[-80.559363,45.64451],[-80.52448,45.638917],[-80.517857,45.630086],[-80.519476,45.616545],[-80.525952,45.600649],[-80.512117,45.598],[-80.508732,45.589169],[-80.509173,45.579455],[-80.506083,45.573274],[-80.492836,45.572096],[-80.480767,45.576512],[-80.469287,45.582693],[-80.457807,45.587109],[-80.445591,45.587403],[-80.433669,45.58652],[-80.423661,45.587697],[-80.416743,45.593879],[-80.416302,45.60271],[-80.4216,45.611835],[-80.437201,45.628025],[-80.41689,45.627142],[-80.406293,45.617134],[-80.396285,45.587109],[-80.391428,45.578278],[-80.387601,45.573568],[-80.38451,45.568858],[-80.382597,45.559144],[-80.382155,45.54737],[-80.38348,45.540894],[-80.385835,45.535301],[-80.395107,45.497033],[-80.394813,45.481138],[-80.388779,45.463476],[-80.360961,45.435806],[-80.35478,45.422265],[-80.368909,45.409018],[-80.362875,45.39901],[-80.354927,45.390768],[-80.34536,45.384586],[-80.334174,45.381643],[-80.328581,45.395478],[-80.327992,45.409901],[-80.332261,45.423737],[-80.341092,45.4361],[-80.3302,45.436983],[-80.319603,45.435806],[-80.309447,45.433451],[-80.300028,45.429918],[-80.309742,45.415789],[-80.311214,45.404014],[-80.306798,45.37811],[-80.300175,45.366336],[-80.284721,45.363686],[-80.255284,45.367219],[-80.243657,45.364275],[-80.22938,45.35044],[-80.181988,45.341609],[-80.168447,45.341903],[-80.162854,45.350734],[-80.167564,45.358976],[-80.177719,45.363981],[-80.187286,45.369868],[-80.19023,45.381643],[-80.183754,45.3943],[-80.171391,45.401659],[-80.142396,45.409018],[-80.114284,45.411079],[-80.084553,45.405192],[-80.065125,45.390473],[-80.067333,45.367219],[-80.054381,45.361626],[-80.044814,45.351617],[-80.037897,45.339254],[-80.033187,45.326302],[-80.072631,45.278909],[-80.084406,45.27155],[-80.105895,45.265369],[-80.123704,45.25065],[-80.127825,45.23446],[-80.10825,45.223863],[-80.114431,45.213266],[-80.115167,45.203847],[-80.110604,45.195604],[-80.100743,45.189717],[-80.096622,45.198842],[-80.091176,45.203847],[-80.077488,45.213266],[-80.066303,45.217976],[-80.059532,45.2115],[-80.054087,45.201786],[-80.046727,45.196487],[-80.036719,45.196193],[-80.029654,45.195016],[-80.024209,45.192955],[-80.01891,45.189717],[-80.01788,45.186185],[-80.001837,45.164696],[-79.998452,45.161753],[-80.003897,45.137026],[-80.030685,45.127606],[-80.067039,45.128489],[-80.100743,45.134377],[-80.095592,45.124074],[-80.088086,45.11642],[-80.078519,45.110828],[-80.067333,45.107884],[-80.074839,45.106412],[-80.07793,45.10494],[-80.080874,45.101114],[-80.073662,45.096992],[-80.06071,45.084629],[-80.053645,45.079919],[-80.014053,45.070205],[-80.001837,45.062552],[-79.997716,45.05431],[-79.998305,45.045184],[-79.996391,45.035176],[-79.984764,45.024579],[-79.972695,45.021635],[-79.943406,45.019869],[-79.93325,45.014865],[-79.928393,44.997792],[-79.930306,44.978364],[-79.92751,44.960996],[-79.909112,44.949516],[-79.898515,44.951871],[-79.873053,44.963057],[-79.868048,44.960113],[-79.862897,44.953931],[-79.851122,44.948633],[-79.837582,44.944806],[-79.826985,44.943334],[-79.834932,44.925378],[-79.832136,44.91537],[-79.813444,44.90124],[-79.807409,44.898297],[-79.801375,44.898591],[-79.796076,44.897119],[-79.792986,44.887994],[-79.796371,44.883578],[-79.805054,44.879457],[-79.814769,44.876514],[-79.82095,44.875042],[-79.804907,44.868566],[-79.791072,44.865622],[-79.779886,44.860618],[-79.772527,44.847077],[-79.774735,44.835303],[-79.7818,44.827944],[-79.782536,44.821173],[-79.76561,44.812931],[-79.738675,44.81352],[-79.718364,44.828238],[-79.714979,44.848843],[-79.738381,44.867683],[-79.696434,44.884756],[-79.690547,44.887994],[-79.681863,44.877691],[-79.679655,44.86209],[-79.68201,44.846489],[-79.686867,44.836775],[-79.713507,44.816169],[-79.723957,44.802334],[-79.721014,44.788793],[-79.705854,44.779962],[-79.671413,44.767893]],[[-80.216134,44.865033],[-80.237917,44.875042],[-80.245423,44.854731],[-80.231147,44.832653],[-80.209364,44.809693],[-80.186698,44.793797],[-80.169772,44.79262],[-80.183018,44.807338],[-80.175512,44.825883],[-80.160058,44.844722],[-80.149166,44.861501],[-80.165798,44.871509],[-80.216134,44.865033]],[[-80.183312,45.333956],[-80.221285,45.310995],[-80.22732,45.296571],[-80.217459,45.27155],[-80.210247,45.261248],[-80.202005,45.252417],[-80.192143,45.246529],[-80.179927,45.244469],[-80.171243,45.248001],[-80.160941,45.265957],[-80.149166,45.27155],[-80.156084,45.25801],[-80.096769,45.290978],[-80.074103,45.299515],[-80.080874,45.30658],[-80.075575,45.310995],[-80.07219,45.315999],[-80.067333,45.326302],[-80.059827,45.333956],[-80.069541,45.33896],[-80.07425,45.340432],[-80.080874,45.340432],[-80.074103,45.347496],[-80.091176,45.347791],[-80.104864,45.342198],[-80.11605,45.333072],[-80.125617,45.323358],[-80.138422,45.318649],[-80.155201,45.321298],[-80.171685,45.32748],[-80.183312,45.333956]]]}},{"properties":{"scalerank":0,"name":"Lake Baikal"},"type":"Feature","geometry":{"type":"Polygon","coordinates":[[[109.873328,55.718533],[109.944564,55.688214],[109.961048,55.672612],[109.958988,55.667019],[109.945447,55.66231],[109.927785,55.650241],[109.917482,55.635228],[109.910712,55.621099],[109.901292,55.608735],[109.883336,55.598727],[109.873033,55.59284],[109.854783,55.577533],[109.838298,55.558988],[109.827996,55.54427],[109.838887,55.543975],[109.868324,55.540443],[109.875977,55.537205],[109.876566,55.528668],[109.87009,55.521309],[109.861553,55.515128],[109.85596,55.50924],[109.853311,55.489224],[109.863319,55.480981],[109.88157,55.476566],[109.903942,55.468324],[109.868324,55.458904],[109.849779,55.450367],[109.841537,55.438004],[109.840653,55.423875],[109.837415,55.408273],[109.821225,55.358526],[109.816221,55.353227],[109.803269,55.346751],[109.800914,55.342041],[109.796499,55.324968],[109.777659,55.305835],[109.773538,55.293766],[109.778543,55.286701],[109.790317,55.279342],[109.801797,55.269922],[109.807685,55.256087],[109.804447,55.237837],[109.795321,55.227534],[109.769712,55.211638],[109.737626,55.179258],[109.731739,55.167778],[109.731444,55.152765],[109.73792,55.145112],[109.748517,55.138047],[109.759703,55.125684],[109.747046,55.107139],[109.755877,55.087711],[109.771772,55.069166],[109.780309,55.054448],[109.77295,55.035903],[109.734977,55.012942],[109.718198,54.995575],[109.714077,54.972615],[109.724968,54.931109],[109.715254,54.910504],[109.677281,54.889604],[109.674926,54.883717],[109.670511,54.881067],[109.665801,54.879007],[109.663446,54.876063],[109.665507,54.86841],[109.670217,54.863994],[109.674926,54.861051],[109.677281,54.85899],[109.68258,54.84957],[109.688467,54.845449],[109.690233,54.841328],[109.684052,54.831614],[109.674926,54.826021],[109.649317,54.820428],[109.639308,54.814541],[109.630772,54.795702],[109.634893,54.77804],[109.644018,54.760672],[109.649905,54.742127],[109.638425,54.699445],[109.60369,54.675895],[109.561596,54.657939],[109.527156,54.632918],[109.522151,54.625265],[109.512732,54.605542],[109.51803,54.596123],[109.520091,54.586409],[109.520091,54.564626],[109.521268,54.559916],[109.526273,54.549613],[109.527156,54.542843],[109.524506,54.537544],[109.514792,54.527536],[109.510377,54.508697],[109.501252,54.489563],[109.498897,54.478672],[109.50184,54.47249],[109.507433,54.463659],[109.512437,54.452767],[109.512732,54.440993],[109.501546,54.420387],[109.488005,54.406258],[109.482707,54.391245],[109.510671,54.347385],[109.50655,54.336199],[109.493009,54.32678],[109.478586,54.310295],[109.476819,54.287924],[109.489183,54.271145],[109.505078,54.255544],[109.520091,54.222869],[109.552471,54.184013],[109.561302,54.16694],[109.561007,54.153399],[109.556886,54.143685],[109.540696,54.12514],[109.53687,54.123374],[109.523918,54.120136],[109.520091,54.11837],[109.517442,54.113366],[109.513026,54.099825],[109.50449,54.086578],[109.494776,54.063029],[109.493009,54.05361],[109.489477,54.042424],[109.481235,54.033887],[109.471815,54.027706],[109.440318,54.001507],[109.260462,53.88906],[109.245155,53.868455],[109.235735,53.844022],[109.193935,53.807227],[109.184221,53.786621],[109.188343,53.776613],[109.206593,53.758657],[109.211303,53.749237],[109.207771,53.739229],[109.190992,53.708615],[109.184221,53.700667],[109.21042,53.671231],[109.208065,53.666521],[109.197468,53.663283],[109.186871,53.655041],[109.170092,53.639145],[109.167148,53.633258],[109.168326,53.628842],[109.166854,53.626487],[109.156551,53.625604],[109.150664,53.624427],[109.136534,53.619128],[109.125643,53.618245],[109.046753,53.625604],[108.989352,53.639145],[108.984937,53.643266],[108.99524,53.652097],[109.042044,53.679179],[109.049991,53.688893],[109.056467,53.71774],[109.063826,53.724805],[109.072657,53.730692],[109.0809,53.741584],[109.018789,53.765722],[109.022616,53.769548],[109.03233,53.774847],[109.036451,53.786033],[109.044693,53.795452],[109.067064,53.796335],[109.067064,53.803695],[109.062649,53.811054],[109.065004,53.813997],[109.074424,53.817235],[109.060294,53.835192],[109.051758,53.85197],[109.040866,53.864922],[109.019377,53.871987],[109.005837,53.87081],[108.965214,53.857563],[108.918705,53.859329],[108.906636,53.85462],[108.808318,53.789859],[108.711473,53.692719],[108.698226,53.660045],[108.683508,53.640028],[108.649362,53.60441],[108.596376,53.571147],[108.58784,53.559667],[108.581364,53.544654],[108.564879,53.532585],[108.526023,53.516395],[108.55075,53.504621],[108.597259,53.521399],[108.677326,53.562905],[108.794483,53.579683],[108.855417,53.598228],[108.896628,53.594402],[108.929008,53.573502],[108.97905,53.508742],[108.992296,53.478717],[109.001716,53.434562],[108.998183,53.393057],[108.979344,53.369802],[108.97905,53.364798],[108.929302,53.348019],[108.787124,53.282964],[108.736494,53.273545],[108.709118,53.276194],[108.697049,53.292973],[108.683508,53.305042],[108.653777,53.300626],[108.607856,53.282964],[108.39768,53.150795],[108.379136,53.145791],[108.375603,53.143436],[108.332332,53.121653],[108.304661,53.117532],[108.29377,53.111056],[108.286411,53.104874],[108.294653,53.085152],[108.299363,53.077498],[108.306722,53.070139],[108.317319,53.065724],[108.328799,53.064252],[108.33763,53.059836],[108.341457,53.04659],[108.333215,53.030106],[108.31467,53.010678],[108.279935,52.98183],[108.243728,52.965346],[108.225772,52.953571],[108.218118,52.936792],[108.207227,52.924135],[108.042972,52.857608],[108.019717,52.852604],[108.005587,52.839652],[107.984688,52.803151],[107.968498,52.790199],[107.926109,52.777541],[107.885193,52.751048],[107.862526,52.741334],[107.813368,52.727499],[107.808069,52.72485],[107.798944,52.717197],[107.792762,52.713664],[107.786286,52.712487],[107.772745,52.712192],[107.753906,52.706599],[107.722409,52.701595],[107.554327,52.705422],[107.530484,52.701007],[107.434227,52.672159],[107.410383,52.661267],[107.395076,52.652436],[107.361224,52.626238],[107.31913,52.607987],[107.129854,52.557062],[106.955002,52.488476],[106.914085,52.464338],[106.887887,52.432546],[106.854918,52.358661],[106.828131,52.330991],[106.785448,52.316567],[106.739822,52.321277],[106.66211,52.362488],[106.620899,52.378089],[106.594111,52.378089],[106.566441,52.385448],[106.552312,52.38692],[106.486374,52.382505],[106.38894,52.346592],[106.374516,52.344532],[106.347729,52.346003],[106.336248,52.343649],[106.322708,52.33364],[106.264718,52.27565],[106.257653,52.270352],[106.251177,52.267114],[106.246762,52.261521],[106.244113,52.248275],[106.246173,52.24121],[106.255593,52.22237],[106.263541,52.186458],[106.287384,52.157905],[106.292094,52.138477],[106.287384,52.124347],[106.277081,52.110806],[106.263835,52.099032],[106.250294,52.089907],[106.236753,52.097266],[106.236165,52.09285],[106.234693,52.089907],[106.232632,52.087552],[106.230572,52.083725],[106.233515,52.074894],[106.229983,52.064886],[106.221446,52.05576],[106.210555,52.04899],[106.181413,52.017493],[106.1664,51.996888],[106.172582,51.987468],[106.183473,51.983347],[106.190833,51.973633],[106.195542,51.961269],[106.197014,51.950084],[106.193188,51.943019],[106.184062,51.938898],[106.162279,51.933011],[106.114004,51.906812],[106.091043,51.888562],[106.090454,51.88444],[106.08545,51.880319],[106.075147,51.86148],[106.069849,51.857065],[106.060724,51.85471],[106.040118,51.842346],[106.011859,51.820858],[105.932381,51.737553],[105.918546,51.729899],[105.90265,51.729605],[105.873802,51.733726],[105.847604,51.727839],[105.801683,51.710177],[105.748403,51.70429],[105.4352,51.614509],[105.01632,51.545627],[104.963334,51.542684],[104.941551,51.538268],[104.806438,51.478218],[104.787893,51.473508],[104.708415,51.47498],[104.628053,51.487049],[104.522377,51.480573],[104.417583,51.495585],[104.308963,51.499707],[104.257449,51.508243],[104.187685,51.532087],[104.138526,51.538268],[104.07877,51.562995],[103.993993,51.574769],[103.951605,51.601262],[103.926878,51.606561],[103.873893,51.610682],[103.853581,51.616863],[103.809721,51.638058],[103.794709,51.64836],[103.775281,51.656897],[103.722884,51.672498],[103.708754,51.685745],[103.727299,51.719302],[103.790588,51.731665],[103.913926,51.733726],[103.994876,51.752271],[104.111444,51.758158],[104.246558,51.782002],[104.5995,51.788183],[104.622461,51.784651],[104.633058,51.784651],[104.647187,51.788183],[104.658079,51.794954],[104.679567,51.812616],[104.69193,51.816148],[104.705177,51.823801],[104.733436,51.858831],[104.750215,51.870311],[104.811442,51.877081],[104.937136,51.864129],[104.997186,51.870311],[105.086673,51.901808],[105.186462,51.909756],[105.220903,51.917704],[105.250634,51.933011],[105.26859,51.953027],[105.285957,51.977754],[105.307446,51.998948],[105.336294,52.008073],[105.353072,52.011311],[105.386335,52.025441],[105.401348,52.028385],[105.419304,52.029856],[105.440793,52.034272],[105.4561,52.040453],[105.455805,52.04899],[105.478177,52.056938],[105.519388,52.084314],[105.54176,52.089907],[105.554417,52.0955],[105.607403,52.130823],[105.614468,52.139065],[105.626831,52.157316],[105.634779,52.165853],[105.672163,52.196761],[105.707192,52.251513],[105.723382,52.267997],[105.748992,52.282421],[105.757529,52.289191],[105.788437,52.326281],[105.804921,52.339822],[105.839656,52.36131],[105.87704,52.412824],[105.907654,52.444321],[105.943861,52.471991],[105.9836,52.494657],[106.340958,52.617996],[106.408662,52.631831],[106.470184,52.667155],[106.487552,52.672748],[106.498737,52.678635],[106.564381,52.723378],[106.572623,52.726322],[106.580276,52.730443],[106.586752,52.74104],[106.58793,52.748694],[106.585281,52.755464],[106.573212,52.775186],[106.607063,52.781662],[106.651218,52.81522],[106.683009,52.830527],[106.729813,52.843479],[106.744532,52.850838],[106.761605,52.862318],[106.768669,52.871149],[106.778678,52.899408],[106.796045,52.924429],[106.819889,52.943857],[106.891125,52.981241],[106.903194,52.984479],[106.909375,52.989189],[106.909081,53.001258],[106.90025,53.01421],[106.870519,53.030694],[106.8611,53.042763],[106.776617,53.018625],[106.744532,53.015387],[106.744532,53.022158],[106.783093,53.041586],[106.803404,53.055421],[106.812235,53.066901],[106.817239,53.077498],[106.829014,53.087212],[106.843144,53.094571],[106.869636,53.100753],[106.876407,53.10929],[106.880822,53.120475],[106.887887,53.131956],[106.908787,53.145791],[106.955002,53.158154],[106.973841,53.169929],[107.015935,53.215555],[107.031831,53.228213],[107.109249,53.254117],[107.133092,53.277666],[107.444529,53.39865],[107.460425,53.409541],[107.481031,53.420138],[107.528423,53.432207],[107.547262,53.447514],[107.553444,53.459289],[107.552561,53.464881],[107.549029,53.468414],[107.547262,53.474595],[107.547262,53.510802],[107.550206,53.516395],[107.565513,53.525226],[107.60172,53.584688],[107.652645,53.642677],[107.670307,53.654158],[107.972913,53.793981],[107.984688,53.806933],[107.997051,53.816647],[108.07388,53.837841],[108.13864,53.885233],[108.181912,53.899952],[108.198985,53.917908],[108.210759,53.940574],[108.226655,53.987083],[108.231659,53.995326],[108.24049,54.003273],[108.260212,54.012693],[108.269338,54.019463],[108.274048,54.027706],[108.27758,54.037714],[108.28229,54.046545],[108.289943,54.050077],[108.290238,54.056259],[108.306722,54.090994],[108.305839,54.102474],[108.299952,54.122197],[108.299952,54.132499],[108.304073,54.140153],[108.317319,54.15546],[108.320557,54.163113],[108.32615,54.167823],[108.339691,54.171061],[108.3653,54.17371],[108.375603,54.17636],[108.383551,54.183424],[108.447134,54.25937],[108.453021,54.268496],[108.461557,54.286157],[108.467445,54.293811],[108.476864,54.298815],[108.498059,54.305291],[108.505418,54.310295],[108.50895,54.319126],[108.510128,54.341792],[108.512188,54.351801],[108.531027,54.383886],[108.536032,54.413028],[108.542802,54.432751],[108.560169,54.468369],[108.586662,54.498394],[108.658487,54.539899],[108.690867,54.564626],[108.817444,54.708276],[108.82127,54.714752],[108.823625,54.725054],[108.825097,54.746543],[108.827452,54.756551],[108.832751,54.761261],[108.850707,54.772741],[108.855417,54.776862],[108.857183,54.787754],[108.854534,54.79423],[108.850707,54.801589],[108.848646,54.814541],[108.856594,54.830142],[108.875728,54.841622],[108.897216,54.851925],[108.913406,54.862522],[108.921649,54.877535],[108.926947,54.894019],[108.936956,54.909621],[108.957855,54.920218],[108.946375,54.934053],[108.913995,54.947594],[108.903398,54.961134],[108.934306,54.969965],[108.964626,54.983212],[108.992296,54.99999],[109.030563,55.031193],[109.047342,55.038552],[109.065593,55.042673],[109.084432,55.043851],[109.102683,55.049738],[109.106509,55.063279],[109.101211,55.088888],[109.112691,55.115675],[109.166854,55.162774],[109.184221,55.188383],[109.190697,55.219586],[109.195702,55.274926],[109.204827,55.303774],[109.19423,55.323497],[109.199823,55.343219],[109.211009,55.363824],[109.218368,55.38649],[109.211892,55.402092],[109.197468,55.422992],[109.188343,55.442714],[109.197468,55.455372],[109.197468,55.462142],[109.190403,55.46332],[109.17804,55.467441],[109.170092,55.468324],[109.175685,55.481864],[109.191286,55.49776],[109.197468,55.50924],[109.197468,55.542209],[109.201295,55.558105],[109.221311,55.568113],[109.246332,55.585775],[109.25899,55.591957],[109.311387,55.601965],[109.350832,55.624631],[109.363489,55.634934],[109.368788,55.650241],[109.374381,55.658777],[109.417358,55.674379],[109.441496,55.690863],[109.486239,55.72913],[109.519502,55.753857],[109.559241,55.766515],[109.603102,55.770636],[109.696121,55.764748],[109.803858,55.739727],[109.821225,55.742671],[109.776776,55.762393],[109.723202,55.776229],[109.667273,55.783588],[109.615759,55.782999],[109.615759,55.790358],[109.796499,55.782116],[109.814455,55.776817],[109.807685,55.770047],[109.830351,55.76622],[109.847424,55.760333],[109.858315,55.748558],[109.862142,55.725892],[109.873328,55.718533]],[[107.765386,53.317111],[107.786581,53.387169],[107.782754,53.410424],[107.738305,53.398944],[107.721526,53.388052],[107.674428,53.330063],[107.648818,53.309752],[107.513116,53.27796],[107.491628,53.265303],[107.468373,53.244991],[107.364462,53.217321],[107.329727,53.197893],[107.25908,53.186707],[107.240829,53.180231],[107.196969,53.151972],[107.162234,53.161686],[107.125733,53.149323],[107.088643,53.130189],[107.053025,53.118415],[107.010048,53.117532],[106.990914,53.113411],[106.973841,53.101047],[106.963538,53.091628],[106.950292,53.082797],[106.936163,53.075438],[106.922033,53.070139],[106.929687,53.068373],[106.938223,53.067784],[106.957357,53.070139],[106.957357,53.063958],[106.947643,53.061603],[106.939695,53.057187],[106.933513,53.051005],[106.929392,53.042763],[106.949409,53.048062],[106.970603,53.050122],[106.970603,53.042763],[106.960889,53.03982],[106.952353,53.035404],[106.94411,53.029517],[106.936163,53.022158],[106.96766,53.010678],[107.017407,53.018037],[107.107777,53.042763],[107.391838,53.077498],[107.412444,53.087507],[107.428634,53.102519],[107.491628,53.145791],[107.551972,53.171106],[107.570517,53.183175],[107.58759,53.197599],[107.606135,53.209962],[107.626152,53.220265],[107.648818,53.228213],[107.738305,53.237927],[107.752434,53.244991],[107.755378,53.255589],[107.768919,53.272662],[107.77304,53.282964],[107.773334,53.293856],[107.770979,53.300921],[107.767741,53.307691],[107.765386,53.317111]]]}},{"properties":{"scalerank":0,"name":"Lake Victoria"},"type":"Feature","geometry":{"type":"Polygon","coordinates":[[[33.913548,-1.532052],[33.904717,-1.529402],[33.888821,-1.52116],[33.879402,-1.518216],[33.870276,-1.517333],[33.841723,-1.518216],[33.82465,-1.512329],[33.816702,-1.4982],[33.810226,-1.482304],[33.797568,-1.470529],[33.793153,-1.481715],[33.784322,-1.48201],[33.771664,-1.478183],[33.755769,-1.476711],[33.747821,-1.47936],[33.734575,-1.489074],[33.725744,-1.491135],[33.716618,-1.489074],[33.710437,-1.484659],[33.705727,-1.479949],[33.7019,-1.476711],[33.681,-1.466408],[33.66746,-1.464348],[33.653919,-1.470529],[33.647443,-1.482304],[33.652741,-1.492018],[33.661867,-1.500849],[33.667754,-1.511446],[33.682472,-1.508797],[33.686004,-1.519099],[33.681295,-1.534995],[33.671286,-1.549125],[33.657157,-1.555012],[33.64185,-1.554423],[33.626543,-1.555601],[33.612413,-1.566198],[33.619184,-1.571202],[33.627426,-1.572674],[33.636846,-1.570908],[33.64656,-1.566198],[33.648326,-1.577972],[33.653919,-1.584154],[33.66275,-1.584743],[33.674524,-1.580327],[33.686888,-1.597695],[33.688359,-1.604171],[33.687771,-1.615357],[33.685416,-1.617711],[33.679234,-1.619478],[33.667754,-1.628014],[33.67629,-1.632135],[33.684238,-1.633901],[33.692775,-1.633018],[33.7019,-1.628014],[33.709259,-1.636845],[33.71132,-1.648325],[33.70867,-1.6601],[33.7019,-1.669814],[33.695424,-1.673641],[33.687771,-1.675407],[33.585332,-1.675996],[33.549125,-1.672169],[33.543238,-1.675407],[33.550597,-1.690125],[33.556779,-1.696307],[33.578267,-1.710142],[33.584154,-1.716029],[33.589747,-1.723094],[33.598873,-1.738106],[33.605643,-1.730453],[33.614768,-1.738695],[33.641261,-1.756946],[33.64656,-1.76195],[33.641261,-1.775196],[33.629487,-1.778434],[33.617712,-1.775491],[33.612413,-1.76872],[33.580622,-1.761067],[33.578267,-1.758418],[33.567376,-1.765482],[33.567081,-1.771664],[33.568848,-1.779906],[33.564726,-1.792564],[33.557073,-1.803455],[33.550008,-1.809637],[33.540883,-1.812581],[33.527048,-1.813169],[33.522632,-1.81729],[33.515273,-1.826416],[33.505265,-1.835541],[33.492607,-1.839662],[33.470824,-1.840251],[33.450808,-1.837307],[33.440505,-1.825533],[33.447864,-1.799628],[33.388402,-1.798745],[33.365148,-1.804338],[33.338066,-1.826121],[33.331296,-1.837307],[33.321287,-1.86586],[33.311279,-1.883522],[33.310396,-1.890881],[33.31069,-1.9056],[33.307158,-1.907366],[33.28302,-1.922378],[33.314223,-1.944456],[33.352784,-1.924733],[33.392523,-1.897063],[33.427553,-1.895002],[33.430202,-1.884994],[33.437855,-1.880284],[33.449041,-1.879696],[33.461699,-1.881462],[33.455223,-1.893531],[33.460816,-1.901478],[33.482304,-1.915608],[33.490252,-1.926794],[33.488486,-1.932387],[33.461699,-1.949754],[33.504382,-1.953581],[33.544121,-1.963295],[33.542355,-1.967416],[33.541766,-1.968299],[33.540589,-1.968299],[33.536762,-1.970065],[33.544415,-1.973303],[33.547065,-1.975364],[33.550008,-1.974481],[33.557956,-1.970065],[33.573263,-1.987138],[33.569142,-2.001562],[33.557073,-2.014809],[33.550597,-2.028938],[33.542649,-2.0257],[33.496434,-2.025406],[33.431379,-1.981251],[33.399883,-1.972126],[33.372212,-1.99803],[33.400177,-2.038947],[33.386047,-2.042773],[33.382515,-2.046011],[33.379571,-2.05337],[33.340421,-2.01893],[33.324231,-2.016575],[33.324525,-2.045717],[33.317755,-2.045717],[33.310396,-2.030999],[33.296855,-2.011276],[33.281548,-2.000385],[33.269774,-2.011571],[33.284786,-2.01893],[33.29244,-2.031587],[33.292734,-2.045423],[33.285964,-2.056314],[33.280959,-2.052487],[33.256233,-2.045717],[33.256233,-2.047189],[33.228268,-2.045717],[33.223264,-2.044539],[33.220909,-2.041596],[33.218849,-2.042773],[33.214727,-2.05337],[33.217082,-2.05337],[33.219143,-2.061907],[33.221203,-2.072504],[33.221498,-2.079863],[33.217671,-2.09046],[33.20884,-2.104295],[33.207663,-2.114892],[33.210018,-2.123135],[33.21355,-2.130199],[33.221498,-2.141974],[33.239454,-2.121663],[33.259471,-2.111066],[33.282431,-2.111066],[33.31069,-2.121663],[33.336594,-2.135792],[33.347486,-2.146095],[33.351901,-2.159047],[33.358083,-2.167584],[33.372507,-2.166112],[33.400177,-2.155809],[33.449336,-2.151099],[33.509386,-2.15316],[33.566198,-2.163168],[33.605643,-2.182891],[33.628898,-2.158164],[33.642144,-2.146684],[33.657157,-2.141974],[33.666576,-2.137559],[33.712203,-2.10459],[33.749293,-2.08575],[33.786383,-2.094876],[33.815819,-2.123135],[33.83142,-2.162579],[33.831126,-2.171999],[33.825533,-2.187895],[33.82465,-2.197314],[33.827005,-2.200552],[33.831715,-2.204674],[33.836425,-2.210561],[33.838485,-2.220569],[33.780495,-2.258837],[33.770193,-2.260603],[33.75989,-2.269728],[33.715441,-2.279148],[33.7019,-2.286801],[33.667754,-2.313294],[33.64862,-2.30829],[33.633902,-2.318887],[33.612413,-2.34744],[33.597401,-2.356565],[33.557367,-2.372167],[33.540589,-2.374816],[33.532346,-2.378643],[33.522338,-2.387179],[33.513801,-2.397482],[33.509975,-2.40543],[33.511447,-2.414261],[33.514979,-2.418382],[33.520572,-2.421031],[33.527048,-2.426035],[33.529991,-2.440165],[33.515273,-2.448701],[33.49349,-2.448407],[33.475828,-2.435749],[33.465526,-2.444286],[33.442565,-2.452234],[33.416956,-2.467246],[33.407536,-2.467246],[33.407536,-2.467835],[33.420782,-2.477255],[33.4564,-2.493739],[33.461699,-2.501687],[33.458755,-2.516111],[33.450808,-2.527002],[33.439916,-2.531123],[33.427553,-2.524942],[33.42196,-2.532301],[33.420782,-2.539071],[33.422843,-2.545547],[33.427553,-2.552906],[33.41048,-2.554378],[33.399883,-2.552023],[33.39429,-2.544075],[33.392818,-2.528768],[33.38693,-2.530829],[33.373095,-2.532595],[33.3572,-2.531418],[33.344836,-2.524942],[33.347486,-2.522292],[33.351018,-2.513756],[33.353373,-2.504336],[33.351901,-2.498449],[33.344542,-2.495505],[33.33836,-2.497566],[33.334239,-2.502276],[33.329824,-2.5167],[33.323053,-2.514345],[33.315694,-2.508457],[33.31069,-2.505219],[33.286258,-2.511107],[33.233861,-2.517877],[33.221498,-2.518171],[33.207663,-2.512873],[33.185585,-2.495211],[33.177343,-2.491384],[33.173222,-2.488146],[33.174105,-2.473722],[33.170573,-2.470484],[33.169984,-2.469013],[33.151145,-2.46342],[33.147024,-2.462831],[33.138487,-2.452528],[33.127007,-2.428979],[33.119059,-2.416321],[33.119354,-2.400131],[33.080497,-2.388945],[32.999253,-2.380409],[32.962752,-2.388357],[32.926545,-2.409257],[32.902996,-2.438399],[32.906823,-2.470484],[32.892399,-2.465186],[32.881507,-2.467246],[32.874737,-2.477255],[32.872676,-2.494917],[32.877975,-2.507574],[32.901524,-2.532595],[32.906823,-2.549668],[32.900641,-2.554084],[32.877092,-2.586758],[32.876209,-2.594412],[32.865612,-2.601476],[32.865023,-2.617372],[32.869733,-2.634445],[32.876209,-2.645631],[32.895048,-2.658877],[32.899169,-2.662704],[32.907706,-2.675362],[32.909472,-2.679189],[32.906234,-2.681543],[32.899169,-2.69008],[32.895637,-2.688314],[32.888278,-2.687136],[32.880919,-2.690963],[32.879447,-2.704504],[32.883273,-2.708625],[32.900347,-2.724226],[32.906823,-2.730997],[32.910944,-2.73865],[32.916537,-2.753368],[32.920363,-2.758961],[32.925956,-2.762494],[32.942441,-2.769558],[32.947739,-2.772502],[32.954804,-2.786337],[32.948034,-2.793696],[32.93567,-2.802233],[32.927134,-2.820483],[32.960103,-2.818717],[32.968639,-2.820483],[32.969522,-2.824016],[32.96805,-2.837262],[32.968639,-2.841089],[32.982474,-2.848448],[32.991894,-2.849625],[33.00043,-2.846093],[33.010144,-2.845504],[33.023391,-2.85463],[33.027806,-2.861106],[33.029278,-2.868759],[33.028101,-2.876118],[33.023391,-2.882594],[33.011322,-2.883772],[32.991599,-2.878179],[32.933904,-2.851686],[32.917714,-2.8405],[32.908,-2.824604],[32.906823,-2.799878],[32.899169,-2.799878],[32.890927,-2.821955],[32.877681,-2.831963],[32.860607,-2.839028],[32.841179,-2.851392],[32.832348,-2.866404],[32.825284,-2.888481],[32.822046,-2.90997],[32.824989,-2.922922],[32.809388,-2.960895],[32.803795,-2.970609],[32.770826,-2.999457],[32.762879,-3.012114],[32.755519,-3.012114],[32.747866,-3.000045],[32.745511,-2.985033],[32.748749,-2.969137],[32.759052,-2.95383],[32.762584,-2.941761],[32.76229,-2.928221],[32.769649,-2.918212],[32.79673,-2.91674],[32.79673,-2.90997],[32.764939,-2.886126],[32.745511,-2.877296],[32.728438,-2.882594],[32.72049,-2.869642],[32.725494,-2.862577],[32.749043,-2.85463],[32.781718,-2.836673],[32.793198,-2.834024],[32.805856,-2.833141],[32.847361,-2.82431],[32.84795,-2.816657],[32.844417,-2.805765],[32.844712,-2.793107],[32.865906,-2.754546],[32.872971,-2.728936],[32.862079,-2.717456],[32.834115,-2.714218],[32.822929,-2.705387],[32.82705,-2.692435],[32.844712,-2.676539],[32.825578,-2.665648],[32.81763,-2.66447],[32.810566,-2.668886],[32.805856,-2.660938],[32.802029,-2.652696],[32.79673,-2.635034],[32.811743,-2.639155],[32.817336,-2.642393],[32.821457,-2.623259],[32.815864,-2.603831],[32.816158,-2.589702],[32.837647,-2.587053],[32.834115,-2.575572],[32.82911,-2.56733],[32.821457,-2.563798],[32.810566,-2.566447],[32.812332,-2.549963],[32.820574,-2.539366],[32.830877,-2.53024],[32.837647,-2.518171],[32.837647,-2.51199],[32.828522,-2.50934],[32.824401,-2.504336],[32.820868,-2.497271],[32.814098,-2.488146],[32.805267,-2.485203],[32.787899,-2.495211],[32.776419,-2.491384],[32.76229,-2.499626],[32.746689,-2.522881],[32.73462,-2.532595],[32.734914,-2.519349],[32.732265,-2.498743],[32.73462,-2.491384],[32.728438,-2.484614],[32.687227,-2.511107],[32.673392,-2.518171],[32.679868,-2.504336],[32.690171,-2.489618],[32.69488,-2.473428],[32.683989,-2.453706],[32.669565,-2.433983],[32.666327,-2.418088],[32.665738,-2.401603],[32.659557,-2.380409],[32.650726,-2.388945],[32.641895,-2.40543],[32.635125,-2.422209],[32.632475,-2.432511],[32.630415,-2.453411],[32.624822,-2.467246],[32.549465,-2.538482],[32.524738,-2.552906],[32.502072,-2.546136],[32.516201,-2.518171],[32.522972,-2.509635],[32.540339,-2.494917],[32.548581,-2.482259],[32.552997,-2.466658],[32.553586,-2.450468],[32.550642,-2.435749],[32.543577,-2.435749],[32.537984,-2.446641],[32.517673,-2.459887],[32.509431,-2.470484],[32.5006,-2.461948],[32.492064,-2.455766],[32.483233,-2.455472],[32.475285,-2.462831],[32.465865,-2.45871],[32.455562,-2.456355],[32.444965,-2.45606],[32.433779,-2.456649],[32.436134,-2.451939],[32.439372,-2.440459],[32.441139,-2.435749],[32.395218,-2.436632],[32.371374,-2.432217],[32.358128,-2.416321],[32.361072,-2.403664],[32.338111,-2.378937],[32.320155,-2.353916],[32.323982,-2.333899],[32.330163,-2.333016],[32.338994,-2.334782],[32.345176,-2.337726],[32.344293,-2.341258],[32.356656,-2.333605],[32.361072,-2.328895],[32.35489,-2.32654],[32.338111,-2.323302],[32.328691,-2.315649],[32.309852,-2.271789],[32.305731,-2.2712],[32.293073,-2.271789],[32.28071,-2.274732],[32.270407,-2.280619],[32.258633,-2.283857],[32.241854,-2.279148],[32.237144,-2.273555],[32.230963,-2.256482],[32.227725,-2.252066],[32.218894,-2.250889],[32.214184,-2.256187],[32.213889,-2.262369],[32.217716,-2.265607],[32.223898,-2.272672],[32.225075,-2.289156],[32.221543,-2.320947],[32.202998,-2.321536],[32.177388,-2.370401],[32.159432,-2.388357],[32.146186,-2.391006],[32.132939,-2.388651],[32.122931,-2.381881],[32.119104,-2.370989],[32.082014,-2.369517],[32.077599,-2.367457],[32.070534,-2.37511],[32.066413,-2.385707],[32.064352,-2.398659],[32.063764,-2.412789],[32.067885,-2.424564],[32.077304,-2.429568],[32.088785,-2.431923],[32.09791,-2.435749],[32.102325,-2.441931],[32.104386,-2.454294],[32.107918,-2.459887],[32.114983,-2.464008],[32.129996,-2.469896],[32.146186,-2.482259],[32.157372,-2.488441],[32.166791,-2.496388],[32.173562,-2.51199],[32.162376,-2.520821],[32.160904,-2.535833],[32.156783,-2.550846],[32.138238,-2.560265],[32.138532,-2.552023],[32.132056,-2.532595],[32.119399,-2.536422],[32.108213,-2.530829],[32.101737,-2.521115],[32.104386,-2.51199],[32.095555,-2.506397],[32.086724,-2.503159],[32.077893,-2.502864],[32.069945,-2.505219],[32.074361,-2.513167],[32.07495,-2.515522],[32.072889,-2.517583],[32.069945,-2.524942],[32.058465,-2.509046],[32.035505,-2.483142],[32.029618,-2.470484],[32.026085,-2.478727],[32.02373,-2.486674],[32.022553,-2.494917],[32.022847,-2.505219],[32.016077,-2.505219],[32.007246,-2.486969],[31.993999,-2.490795],[31.985757,-2.507869],[31.991939,-2.528768],[31.992233,-2.537011],[31.988407,-2.561443],[31.991939,-2.566447],[31.995177,-2.568802],[31.995471,-2.573806],[31.994294,-2.579399],[31.991939,-2.583815],[31.982814,-2.590879],[31.977809,-2.590879],[31.973983,-2.587641],[31.96839,-2.587053],[31.95691,-2.588524],[31.948373,-2.58823],[31.941014,-2.589113],[31.934244,-2.594412],[31.932183,-2.601182],[31.935715,-2.607952],[31.942486,-2.612957],[31.950728,-2.615017],[31.957793,-2.618549],[31.965446,-2.627086],[31.971922,-2.637389],[31.977221,-2.659466],[31.983697,-2.66712],[31.990467,-2.671535],[31.994883,-2.676539],[31.995766,-2.683604],[31.994294,-2.702738],[31.994883,-2.710685],[32.00077,-2.717161],[32.01902,-2.732174],[32.022847,-2.741594],[32.015488,-2.760139],[31.999004,-2.768381],[31.980753,-2.765732],[31.96839,-2.752191],[31.965152,-2.729819],[31.965446,-2.709802],[31.959853,-2.695673],[31.937187,-2.69008],[31.937187,-2.68066],[31.938659,-2.661821],[31.931889,-2.648575],[31.906279,-2.655934],[31.906573,-2.641216],[31.904513,-2.63474],[31.899509,-2.635034],[31.893327,-2.640921],[31.894504,-2.644454],[31.898037,-2.648575],[31.899509,-2.655934],[31.899214,-2.667708],[31.902452,-2.699794],[31.906279,-2.710685],[31.888028,-2.712452],[31.872133,-2.717456],[31.874488,-2.702443],[31.868306,-2.687431],[31.858003,-2.678011],[31.847995,-2.679777],[31.839458,-2.686842],[31.832099,-2.691257],[31.826506,-2.697145],[31.824151,-2.707447],[31.829156,-2.720988],[31.830627,-2.728053],[31.827389,-2.730997],[31.828861,-2.738061],[31.842108,-2.773385],[31.844757,-2.786337],[31.838281,-2.799878],[31.825329,-2.814302],[31.810022,-2.826665],[31.796481,-2.834024],[31.78294,-2.81489],[31.782352,-2.790753],[31.790299,-2.741594],[31.789416,-2.725698],[31.786473,-2.718633],[31.78088,-2.717161],[31.762335,-2.717456],[31.759686,-2.715984],[31.760863,-2.711274],[31.763512,-2.692729],[31.775876,-2.668886],[31.775581,-2.664765],[31.773521,-2.660055],[31.773521,-2.654168],[31.779408,-2.645631],[31.785001,-2.642982],[31.797953,-2.643865],[31.809139,-2.640038],[31.81326,-2.641216],[31.815909,-2.640038],[31.816792,-2.631796],[31.816792,-2.624142],[31.817087,-2.620021],[31.819147,-2.617961],[31.824151,-2.615017],[31.835337,-2.615017],[31.846817,-2.619138],[31.855648,-2.617372],[31.858298,-2.600888],[31.846229,-2.605597],[31.829744,-2.607952],[31.799719,-2.608247],[31.769105,-2.617961],[31.754681,-2.620021],[31.7485,-2.611485],[31.7485,-2.556733],[31.743201,-2.547019],[31.731427,-2.54437],[31.719652,-2.539071],[31.714354,-2.521704],[31.717886,-2.507574],[31.726717,-2.504925],[31.739963,-2.506397],[31.75527,-2.505219],[31.771166,-2.49786],[31.78294,-2.487852],[31.791183,-2.475783],[31.796481,-2.462831],[31.795304,-2.455472],[31.791477,-2.448113],[31.789416,-2.440754],[31.796187,-2.424858],[31.789711,-2.420442],[31.775876,-2.416321],[31.759391,-2.393067],[31.756153,-2.380998],[31.75527,-2.361275],[31.771166,-2.36363],[31.772343,-2.357449],[31.763512,-2.348029],[31.7485,-2.341258],[31.751149,-2.337137],[31.75527,-2.32654],[31.725245,-2.320359],[31.704051,-2.331839],[31.684917,-2.349206],[31.659307,-2.361275],[31.641646,-2.361864],[31.633698,-2.356271],[31.631637,-2.343319],[31.631932,-2.323597],[31.633992,-2.316238],[31.638996,-2.308584],[31.649299,-2.296221],[31.652831,-2.288273],[31.652243,-2.258837],[31.672259,-2.199375],[31.669316,-2.189955],[31.674909,-2.182596],[31.693748,-2.141974],[31.691687,-2.134909],[31.681679,-2.123723],[31.680502,-2.114892],[31.684328,-2.105473],[31.697869,-2.087811],[31.700813,-2.076625],[31.698458,-2.071621],[31.688449,-2.063673],[31.686389,-2.059552],[31.687861,-2.054548],[31.692865,-2.047189],[31.695514,-2.033648],[31.706994,-2.0048],[31.689333,-2.005978],[31.680502,-2.011865],[31.67432,-2.019518],[31.666078,-2.025406],[31.656658,-2.027761],[31.651065,-2.027466],[31.645178,-2.026289],[31.63517,-2.025406],[31.629282,-2.028644],[31.626044,-2.035709],[31.621334,-2.040713],[31.611032,-2.038947],[31.612504,-2.003623],[31.618391,-1.974186],[31.630754,-1.947988],[31.673731,-1.895002],[31.684328,-1.867332],[31.693748,-1.799628],[31.698458,-1.783733],[31.711704,-1.755474],[31.720535,-1.675996],[31.736136,-1.643616],[31.754093,-1.619772],[31.760863,-1.596517],[31.741729,-1.566198],[31.752621,-1.537644],[31.748794,-1.493784],[31.75527,-1.46582],[31.796481,-1.48407],[31.801191,-1.470824],[31.802957,-1.456106],[31.802957,-1.425492],[31.805312,-1.411951],[31.814732,-1.389874],[31.820913,-1.347485],[31.842108,-1.306863],[31.850938,-1.278015],[31.858592,-1.182347],[31.8686,-1.158798],[31.870072,-1.149967],[31.864185,-1.138487],[31.856237,-1.125829],[31.850938,-1.113466],[31.85035,-1.099336],[31.851527,-1.087267],[31.851233,-1.075198],[31.844757,-1.059008],[31.853882,-1.051944],[31.867129,-1.038108],[31.873899,-1.024568],[31.86183,-1.01868],[31.853588,-1.021035],[31.845934,-1.024568],[31.840047,-1.024273],[31.837986,-1.014854],[31.838281,-1.003962],[31.837398,-0.995131],[31.833571,-0.988361],[31.824151,-0.983945],[31.82474,-1.001607],[31.821208,-1.02133],[31.813849,-1.039875],[31.802957,-1.045468],[31.781469,-1.055182],[31.768517,-1.047528],[31.767045,-1.029572],[31.785001,-0.998664],[31.787945,-0.988655],[31.786473,-0.980413],[31.772343,-0.973348],[31.769988,-0.964517],[31.766162,-0.920068],[31.769105,-0.863845],[31.760569,-0.846477],[31.740846,-0.842651],[31.71818,-0.843534],[31.700813,-0.839413],[31.696986,-0.8244],[31.699047,-0.799379],[31.706111,-0.775241],[31.717592,-0.764644],[31.717886,-0.756991],[31.75527,-0.716369],[31.778819,-0.66927],[31.786473,-0.661617],[31.795009,-0.659262],[31.798247,-0.652491],[31.79707,-0.644838],[31.78559,-0.625704],[31.784707,-0.616285],[31.792949,-0.575957],[31.796481,-0.565654],[31.827684,-0.522677],[31.834748,-0.508547],[31.837986,-0.493829],[31.846817,-0.471458],[31.868306,-0.456739],[31.913049,-0.435839],[31.926296,-0.422299],[31.961325,-0.37785],[31.96839,-0.363426],[31.977515,-0.338111],[31.997826,-0.314561],[32.01902,-0.306025],[32.029618,-0.325747],[32.037271,-0.325747],[32.035799,-0.311323],[32.029618,-0.294545],[32.020787,-0.278649],[32.012839,-0.267463],[32.009895,-0.260987],[32.008718,-0.253039],[32.006068,-0.246563],[31.998709,-0.244208],[31.990173,-0.244503],[31.984285,-0.244208],[31.979576,-0.240382],[31.974571,-0.230373],[31.980164,-0.204764],[31.980459,-0.189457],[31.971333,-0.182686],[31.961325,-0.183569],[31.92659,-0.195638],[31.935421,-0.15531],[31.940131,-0.140298],[31.934538,-0.13912],[31.91982,-0.134116],[31.939836,-0.124697],[31.994883,-0.085841],[32.011956,-0.092611],[32.051695,-0.094966],[32.069945,-0.099381],[32.061703,-0.075832],[32.025791,-0.067296],[32.016077,-0.04463],[32.031089,-0.048751],[32.037271,-0.052283],[32.076716,-0.036387],[32.104386,-0.045513],[32.132056,-0.063175],[32.170029,-0.072594],[32.18828,-0.068473],[32.200349,-0.057582],[32.206236,-0.04198],[32.208002,-0.024318],[32.205353,-0.015782],[32.195933,0.002469],[32.193578,0.013655],[32.195639,0.01807],[32.208002,0.037204],[32.206825,0.031022],[32.206825,0.026018],[32.205353,0.021602],[32.200349,0.016598],[32.215361,-0.003419],[32.241265,-0.021375],[32.26923,-0.029028],[32.289835,-0.017548],[32.291602,0.00188],[32.279533,0.018953],[32.24833,0.043974],[32.255689,0.051333],[32.286009,0.037498],[32.324276,0.026901],[32.352241,0.009533],[32.351946,-0.024318],[32.372846,-0.025202],[32.379028,-0.024318],[32.368725,-0.003713],[32.374907,0.053982],[32.365487,0.085479],[32.386092,0.091661],[32.401105,0.077826],[32.421122,0.08283],[32.439078,0.099314],[32.447615,0.119037],[32.459095,0.108734],[32.457917,0.095193],[32.449969,0.081653],[32.441139,0.07135],[32.41965,0.05516],[32.422005,0.048684],[32.437606,0.033671],[32.45203,0.030139],[32.462921,0.041325],[32.471752,0.056337],[32.481761,0.067818],[32.484116,0.07606],[32.488237,0.083419],[32.49589,0.085479],[32.5006,0.08077],[32.509431,0.051333],[32.517968,0.056632],[32.523855,0.073999],[32.530037,0.07812],[32.539751,0.074882],[32.54711,0.065757],[32.557412,0.043974],[32.57007,0.060458],[32.543872,0.102258],[32.550642,0.119037],[32.559473,0.11315],[32.578018,0.105202],[32.588026,0.107851],[32.571542,0.133461],[32.590676,0.139348],[32.598329,0.140231],[32.598329,0.147001],[32.589498,0.149945],[32.571542,0.161425],[32.575369,0.174672],[32.563005,0.189684],[32.568009,0.198515],[32.578901,0.201459],[32.588026,0.197338],[32.594797,0.19616],[32.598329,0.208524],[32.615991,0.211467],[32.626588,0.240021],[32.63483,0.273284],[32.645427,0.290946],[32.662795,0.288885],[32.666916,0.276816],[32.663383,0.263275],[32.647782,0.247674],[32.648077,0.230895],[32.656613,0.222064],[32.673392,0.236488],[32.680751,0.222064],[32.657496,0.183208],[32.661323,0.171728],[32.690465,0.167313],[32.699296,0.174083],[32.707244,0.187918],[32.714897,0.208524],[32.724906,0.205874],[32.731087,0.19616],[32.736091,0.183797],[32.741684,0.173789],[32.728438,0.16643],[32.71107,0.144647],[32.704006,0.140231],[32.685755,0.141114],[32.680751,0.140231],[32.670448,0.135227],[32.6625,0.132872],[32.653081,0.133461],[32.660734,0.11992],[32.661323,0.098431],[32.666621,0.091661],[32.682223,0.089012],[32.69488,0.094605],[32.704594,0.102258],[32.71107,0.106085],[32.719607,0.107262],[32.732265,0.1105],[32.744039,0.115799],[32.749043,0.122864],[32.756108,0.126102],[32.771709,0.120214],[32.79673,0.106085],[32.797319,0.124924],[32.799085,0.138759],[32.803206,0.150239],[32.810566,0.161425],[32.817336,0.161425],[32.82234,0.149651],[32.832348,0.149651],[32.8453,0.151711],[32.859136,0.147001],[32.855309,0.154949],[32.853248,0.163192],[32.851482,0.181148],[32.859136,0.181148],[32.86414,0.168784],[32.877681,0.190567],[32.892987,0.195572],[32.890044,0.19145],[32.888278,0.188507],[32.885628,0.181148],[32.895931,0.181442],[32.899169,0.181148],[32.890927,0.171434],[32.885923,0.161131],[32.887395,0.152594],[32.899169,0.147001],[32.888866,0.143175],[32.877681,0.136404],[32.871499,0.126985],[32.876209,0.115799],[32.887983,0.107262],[32.892693,0.107262],[32.893282,0.104907],[32.892987,0.088717],[32.90123,0.076943],[32.920658,0.077826],[32.986301,0.101081],[33.008084,0.112855],[33.077554,0.166135],[33.084913,0.173789],[33.091978,0.186152],[33.105224,0.222064],[33.071667,0.223536],[33.043113,0.228835],[33.070489,0.246497],[33.078731,0.250029],[33.078731,0.256799],[33.071078,0.256799],[33.071078,0.262981],[33.081086,0.260332],[33.098748,0.251795],[33.123769,0.247085],[33.123475,0.239726],[33.112877,0.225597],[33.116999,0.214411],[33.126418,0.21706],[33.135544,0.224714],[33.13937,0.228835],[33.140842,0.234133],[33.13937,0.241198],[33.138782,0.24738],[33.143197,0.250029],[33.15085,0.251206],[33.156149,0.25415],[33.167335,0.262981],[33.156443,0.276522],[33.150556,0.297422],[33.153794,0.316261],[33.170573,0.324503],[33.188823,0.328919],[33.220026,0.347463],[33.238571,0.351879],[33.242103,0.354528],[33.264181,0.367775],[33.269774,0.373073],[33.270657,0.38632],[33.26683,0.390441],[33.259176,0.390735],[33.231212,0.396917],[33.210018,0.398388],[33.192945,0.406042],[33.187352,0.428119],[33.210901,0.422821],[33.235922,0.427236],[33.250346,0.440483],[33.241809,0.461677],[33.273895,0.476689],[33.28302,0.482871],[33.290673,0.439599],[33.318638,0.437539],[33.34572,0.456378],[33.351901,0.475217],[33.366031,0.497],[33.385164,0.490819],[33.389285,0.484637],[33.372212,0.461677],[33.349841,0.421938],[33.354845,0.41605],[33.362498,0.41134],[33.366031,0.407219],[33.349252,0.391912],[33.325703,0.389263],[33.310101,0.381904],[33.317755,0.351879],[33.328646,0.359532],[33.366031,0.373073],[33.369857,0.363948],[33.368974,0.355117],[33.365148,0.34658],[33.35926,0.338927],[33.376922,0.343048],[33.394878,0.341282],[33.411951,0.334511],[33.427553,0.324503],[33.426081,0.33304],[33.424315,0.338927],[33.420782,0.342754],[33.413718,0.345697],[33.441977,0.356294],[33.455812,0.357766],[33.469058,0.351879],[33.454929,0.345697],[33.46582,0.330685],[33.483188,0.324503],[33.494668,0.31891],[33.489075,0.304781],[33.508209,0.300365],[33.507914,0.283292],[33.494962,0.27034],[33.475828,0.277405],[33.482304,0.280937],[33.489075,0.283586],[33.47524,0.289768],[33.45905,0.294478],[33.444037,0.295361],[33.434323,0.290946],[33.426375,0.295655],[33.418427,0.297716],[33.400177,0.297716],[33.405475,0.288885],[33.413423,0.283586],[33.434323,0.277405],[33.420782,0.270046],[33.43344,0.261215],[33.439033,0.258565],[33.447864,0.256799],[33.426375,0.243553],[33.439622,0.227363],[33.465526,0.208818],[33.482304,0.187918],[33.489075,0.187918],[33.486426,0.216177],[33.487603,0.230307],[33.492607,0.236488],[33.501144,0.232073],[33.503793,0.221476],[33.502616,0.195572],[33.511152,0.202931],[33.522044,0.217943],[33.53058,0.222064],[33.529108,0.211173],[33.525576,0.200576],[33.516156,0.181148],[33.525282,0.18262],[33.531169,0.185563],[33.534701,0.191745],[33.536762,0.201753],[33.544121,0.201753],[33.545887,0.185858],[33.555601,0.179676],[33.566493,0.183797],[33.571497,0.198515],[33.580033,0.20764],[33.598873,0.215588],[33.617418,0.227069],[33.626249,0.246202],[33.618889,0.298893],[33.619773,0.310962],[33.629487,0.320676],[33.642144,0.323326],[33.655685,0.319793],[33.667754,0.310962],[33.68571,0.325975],[33.694247,0.330096],[33.70867,0.332157],[33.720445,0.330685],[33.735458,0.325975],[33.748998,0.319204],[33.755769,0.310962],[33.733397,0.306841],[33.715146,0.298305],[33.7019,0.284175],[33.69513,0.262981],[33.706316,0.267985],[33.718385,0.268868],[33.730748,0.266808],[33.742817,0.262981],[33.742817,0.256799],[33.733691,0.248851],[33.720445,0.23325],[33.709848,0.215294],[33.70867,0.201753],[33.721917,0.193217],[33.763717,0.190862],[33.776963,0.187918],[33.78756,0.197926],[33.787854,0.208524],[33.786088,0.220593],[33.789915,0.236488],[33.804633,0.220298],[33.807871,0.199987],[33.809343,0.177321],[33.81788,0.153772],[33.823472,0.166724],[33.827005,0.193511],[33.83142,0.208524],[33.862034,0.188507],[33.893826,0.173789],[33.895297,0.192334],[33.905011,0.199104],[33.915903,0.204402],[33.920907,0.219121],[33.965945,0.256211],[33.972126,0.262981],[33.980369,0.264453],[33.98184,0.26563],[33.982723,0.264453],[33.989199,0.256799],[33.993026,0.251501],[34.001857,0.232956],[34.003623,0.225597],[34.001268,0.212939],[33.991554,0.181148],[33.989199,0.164369],[33.990377,0.134933],[33.988316,0.119037],[33.982429,0.106085],[33.974187,0.102847],[33.965356,0.10579],[33.957997,0.10579],[33.955053,0.095193],[33.956231,0.075471],[33.958291,0.066346],[33.961824,0.057515],[33.968888,0.05045],[33.977719,0.044857],[33.985961,0.038087],[33.989199,0.026901],[33.989788,0.01807],[33.99597,-0.010778],[33.99597,-0.040508],[33.999797,-0.04463],[34.018047,-0.045807],[34.024523,-0.048162],[34.030116,-0.052283],[34.030116,-0.058465],[34.020696,-0.070534],[34.027172,-0.074949],[34.038947,-0.074655],[34.043657,-0.072594],[34.055137,-0.087901],[34.05131,-0.085841],[34.054548,-0.091139],[34.055137,-0.096732],[34.057198,-0.101736],[34.064851,-0.10674],[34.064851,-0.096732],[34.066029,-0.088784],[34.068383,-0.081131],[34.071916,-0.072594],[34.064851,-0.072594],[34.07692,-0.063469],[34.094582,-0.059348],[34.12343,-0.058465],[34.13491,-0.064941],[34.130789,-0.079659],[34.112832,-0.10674],[34.128728,-0.106446],[34.138442,-0.11145],[34.137853,-0.117338],[34.12343,-0.120576],[34.115482,-0.12293],[34.091049,-0.135588],[34.085457,-0.140298],[34.093993,-0.168851],[34.122252,-0.185336],[34.158165,-0.191223],[34.187895,-0.188868],[34.184952,-0.208885],[34.195843,-0.221248],[34.229401,-0.237144],[34.249123,-0.252156],[34.253244,-0.26452],[34.236465,-0.298666],[34.251184,-0.29896],[34.256776,-0.305142],[34.253833,-0.314856],[34.243236,-0.325747],[34.252067,-0.328691],[34.262664,-0.334284],[34.272083,-0.340466],[34.277088,-0.346353],[34.278854,-0.358127],[34.276205,-0.36843],[34.272083,-0.376672],[34.270906,-0.381088],[34.287979,-0.396395],[34.302992,-0.390507],[34.313883,-0.373729],[34.318299,-0.35695],[34.325363,-0.341349],[34.376288,-0.301904],[34.386885,-0.284831],[34.388357,-0.265403],[34.383059,-0.244208],[34.372756,-0.223309],[34.357449,-0.228902],[34.346263,-0.219776],[34.341553,-0.203881],[34.34538,-0.188868],[34.359804,-0.179448],[34.377466,-0.178565],[34.406902,-0.182686],[34.446641,-0.168263],[34.461654,-0.168263],[34.491385,-0.179743],[34.505514,-0.18092],[34.520821,-0.171795],[34.534067,-0.159432],[34.548491,-0.149423],[34.564093,-0.142653],[34.600299,-0.137354],[34.623849,-0.123519],[34.646515,-0.117043],[34.658878,-0.108801],[34.669769,-0.098793],[34.674479,-0.089667],[34.722755,-0.091139],[34.73659,-0.085841],[34.735413,-0.109684],[34.730997,-0.123814],[34.731291,-0.137943],[34.74336,-0.162081],[34.750131,-0.154427],[34.756901,-0.165613],[34.768087,-0.179154],[34.781628,-0.190634],[34.795168,-0.195638],[34.798701,-0.206235],[34.832847,-0.27129],[34.836674,-0.272467],[34.846977,-0.279532],[34.85463,-0.28748],[34.849331,-0.291307],[34.846388,-0.294545],[34.84315,-0.301609],[34.837851,-0.308969],[34.82902,-0.312207],[34.809298,-0.306319],[34.782805,-0.286891],[34.770736,-0.291307],[34.749542,-0.287186],[34.748365,-0.300726],[34.754252,-0.320449],[34.753663,-0.335756],[34.740417,-0.340171],[34.678306,-0.346353],[34.658289,-0.344881],[34.612957,-0.331929],[34.604715,-0.332812],[34.595884,-0.335461],[34.586759,-0.335756],[34.575867,-0.328985],[34.569097,-0.322215],[34.562326,-0.318388],[34.554379,-0.318977],[34.544076,-0.325747],[34.527003,-0.32457],[34.497861,-0.32928],[34.467836,-0.337522],[34.448702,-0.346353],[34.450762,-0.367253],[34.449291,-0.396983],[34.456944,-0.424065],[34.499921,-0.441432],[34.50522,-0.45409],[34.505514,-0.467925],[34.503159,-0.476756],[34.4749,-0.493829],[34.472251,-0.497362],[34.460771,-0.501483],[34.436339,-0.520911],[34.423975,-0.525032],[34.407491,-0.521794],[34.40808,-0.513552],[34.415733,-0.504426],[34.420443,-0.497362],[34.418677,-0.489119],[34.409551,-0.468514],[34.403959,-0.459977],[34.395422,-0.450852],[34.386002,-0.44467],[34.374522,-0.441432],[34.359215,-0.442021],[34.365691,-0.459094],[34.360687,-0.472635],[34.347735,-0.479405],[34.331251,-0.476756],[34.326541,-0.470869],[34.318299,-0.453501],[34.311234,-0.44938],[34.304758,-0.452324],[34.304463,-0.460566],[34.307701,-0.469691],[34.311234,-0.476756],[34.284741,-0.465865],[34.244413,-0.429363],[34.21586,-0.42848],[34.219981,-0.418766],[34.22263,-0.415234],[34.189073,-0.422299],[34.174355,-0.450852],[34.161108,-0.517673],[34.150217,-0.531508],[34.13697,-0.53504],[34.10253,-0.532097],[34.101352,-0.534746],[34.085457,-0.551819],[34.077803,-0.554468],[34.063674,-0.555646],[34.057492,-0.558589],[34.065734,-0.568598],[34.075154,-0.57684],[34.082807,-0.58626],[34.085457,-0.599506],[34.081335,-0.607748],[34.072505,-0.616873],[34.062202,-0.624527],[34.054548,-0.627471],[34.047778,-0.641306],[34.037475,-0.730498],[34.057492,-0.728143],[34.0675,-0.748749],[34.071327,-0.776124],[34.071916,-0.795258],[34.078392,-0.797613],[34.119603,-0.826166],[34.165524,-0.841768],[34.174943,-0.846772],[34.183185,-0.871204],[34.169645,-0.886511],[34.150217,-0.898286],[34.139914,-0.911826],[34.127845,-0.953626],[34.124607,-0.977764],[34.133438,-0.997486],[34.133438,-1.003668],[34.117542,-0.999252],[34.071916,-0.97011],[34.066029,-0.996014],[34.058375,-1.002196],[34.037475,-0.997486],[34.048072,-1.01191],[34.063379,-1.015737],[34.079569,-1.01191],[34.092227,-1.003668],[34.09782,-1.018975],[34.087223,-1.022802],[34.072505,-1.025156],[34.064851,-1.035459],[34.0675,-1.043996],[34.072505,-1.046056],[34.075448,-1.048411],[34.071916,-1.059008],[34.040713,-1.079614],[34.033648,-1.082263],[34.03041,-1.088739],[34.028056,-1.095804],[34.023346,-1.100514],[34.016281,-1.101691],[33.992732,-1.100514],[33.975659,-1.105224],[33.980074,-1.115821],[33.990377,-1.128478],[33.992732,-1.138192],[33.963295,-1.172633],[33.948283,-1.18323],[33.915608,-1.198831],[33.900596,-1.20884],[33.886172,-1.223264],[33.87322,-1.255938],[33.885878,-1.277721],[33.908838,-1.285669],[33.927677,-1.278015],[33.933859,-1.278015],[33.931798,-1.282725],[33.929738,-1.289201],[33.927677,-1.292439],[33.927677,-1.298621],[33.946517,-1.303625],[33.966828,-1.316283],[33.982723,-1.333061],[33.989199,-1.350134],[33.988611,-1.359848],[33.985667,-1.369857],[33.979485,-1.376039],[33.968888,-1.374272],[33.967417,-1.369857],[33.969183,-1.362203],[33.972421,-1.355433],[33.975659,-1.353667],[33.961824,-1.340126],[33.95417,-1.336888],[33.933859,-1.334533],[33.915608,-1.323936],[33.905306,-1.320698],[33.882934,-1.319521],[33.821412,-1.326291],[33.804339,-1.319521],[33.792564,-1.334239],[33.79904,-1.348663],[33.82465,-1.374272],[33.820529,-1.37751],[33.81994,-1.379277],[33.819646,-1.381926],[33.81788,-1.387813],[33.832009,-1.383103],[33.843784,-1.387519],[33.852909,-1.397527],[33.858796,-1.408419],[33.797568,-1.387813],[33.781378,-1.397527],[33.781378,-1.409596],[33.791092,-1.421371],[33.804339,-1.429024],[33.812581,-1.429613],[33.830243,-1.427552],[33.838485,-1.429024],[33.847316,-1.43344],[33.849965,-1.437266],[33.851731,-1.441976],[33.858796,-1.449924],[33.867333,-1.470824],[33.871159,-1.470529],[33.875869,-1.469352],[33.879402,-1.470529],[33.890882,-1.480243],[33.894414,-1.486131],[33.893826,-1.497611],[33.909132,-1.487603],[33.918552,-1.48407],[33.927677,-1.48407],[33.93592,-1.489957],[33.940041,-1.499083],[33.94269,-1.507619],[33.944751,-1.511446],[33.952993,-1.513801],[33.955936,-1.518511],[33.952993,-1.523515],[33.944751,-1.525575],[33.940041,-1.524398],[33.932976,-1.518805],[33.927677,-1.518216],[33.927089,-1.520277],[33.923262,-1.525281],[33.918258,-1.529991],[33.913548,-1.532052]],[[34.14639,-0.405226],[34.119603,-0.415234],[34.119603,-0.427892],[34.132849,-0.431718],[34.149922,-0.432601],[34.161108,-0.435839],[34.204085,-0.407286],[34.217332,-0.389036],[34.22263,-0.360188],[34.214094,-0.36843],[34.207323,-0.388741],[34.202025,-0.394923],[34.191133,-0.394629],[34.182008,-0.387269],[34.16729,-0.366958],[34.158459,-0.39404],[34.153749,-0.401105],[34.14639,-0.405226]],[[33.946517,-0.464098],[33.945634,-0.472929],[33.951815,-0.476756],[33.971832,-0.480288],[33.998619,-0.49795],[34.017164,-0.504721],[34.026878,-0.497656],[34.048955,-0.490002],[34.057492,-0.482938],[34.061907,-0.474401],[34.059258,-0.470574],[34.05396,-0.467336],[34.05131,-0.459977],[34.045129,-0.437311],[34.03041,-0.432307],[33.99597,-0.442021],[33.964179,-0.444965],[33.955053,-0.44938],[33.950932,-0.454973],[33.946517,-0.464098]],[[31.815909,-1.800806],[31.810611,-1.819351],[31.840636,-1.795213],[31.849172,-1.779906],[31.850938,-1.758418],[31.845346,-1.753119],[31.842402,-1.751647],[31.837986,-1.751647],[31.836515,-1.774608],[31.826801,-1.788443],[31.815909,-1.800806]],[[31.774698,-2.139913],[31.786473,-2.147567],[31.797953,-2.151394],[31.802957,-2.145506],[31.821208,-2.136381],[31.82474,-2.130494],[31.806784,-2.12755],[31.793243,-2.124312],[31.785001,-2.114892],[31.781469,-2.10194],[31.782646,-2.087517],[31.775876,-2.079863],[31.768811,-2.093698],[31.764395,-2.107239],[31.764101,-2.121074],[31.769105,-2.135204],[31.774698,-2.139913]],[[31.91982,-2.416321],[31.920997,-2.398071],[31.913932,-2.383353],[31.904513,-2.369517],[31.899509,-2.354799],[31.901569,-2.336843],[31.907162,-2.32654],[31.907751,-2.32183],[31.895976,-2.320947],[31.868895,-2.310056],[31.860064,-2.283563],[31.856237,-2.252066],[31.844757,-2.224102],[31.840341,-2.215565],[31.828272,-2.209972],[31.817675,-2.202907],[31.816792,-2.182891],[31.810611,-2.182891],[31.790888,-2.23411],[31.788239,-2.25972],[31.810611,-2.252066],[31.807961,-2.267667],[31.801191,-2.281208],[31.790299,-2.288862],[31.775876,-2.285918],[31.782646,-2.320947],[31.802957,-2.315943],[31.822385,-2.316826],[31.830333,-2.322714],[31.816792,-2.333899],[31.82474,-2.34744],[31.844757,-2.364513],[31.850938,-2.374816],[31.851233,-2.388651],[31.840636,-2.411023],[31.837986,-2.426035],[31.840636,-2.441048],[31.848289,-2.454589],[31.860064,-2.460476],[31.875371,-2.453706],[31.912755,-2.423975],[31.91982,-2.416321]],[[31.899509,-1.635079],[31.940131,-1.66216],[31.937482,-1.651269],[31.93336,-1.64391],[31.91982,-1.628014],[31.896271,-1.615062],[31.892444,-1.610941],[31.888323,-1.610352],[31.858298,-1.621244],[31.868012,-1.636256],[31.871838,-1.653035],[31.872133,-1.690125],[31.867129,-1.690714],[31.865951,-1.688948],[31.865951,-1.686298],[31.865362,-1.682766],[31.865362,-1.699545],[31.858298,-1.744877],[31.888617,-1.691302],[31.897742,-1.662749],[31.899509,-1.635079]],[[32.069945,-2.292983],[32.071417,-2.27797],[32.06759,-2.267079],[32.059937,-2.265313],[32.050223,-2.279148],[32.044041,-2.279148],[32.045513,-2.269728],[32.048457,-2.260897],[32.051989,-2.252655],[32.056993,-2.245001],[32.050223,-2.252066],[32.046102,-2.247062],[32.04463,-2.242647],[32.044041,-2.231461],[32.025791,-2.233521],[32.009601,-2.242941],[31.993116,-2.25501],[31.974571,-2.265607],[31.960148,-2.271494],[31.951022,-2.277087],[31.947196,-2.285918],[31.951022,-2.292394],[31.972216,-2.289745],[31.981342,-2.292983],[31.985169,-2.308878],[31.974866,-2.322419],[31.960736,-2.334782],[31.954555,-2.34744],[31.966035,-2.340964],[31.969862,-2.343613],[31.971333,-2.350089],[31.974571,-2.354799],[31.975455,-2.357743],[31.974571,-2.361864],[31.974277,-2.365691],[31.977809,-2.367457],[31.981636,-2.366574],[31.98664,-2.364513],[31.989878,-2.362453],[31.988701,-2.361275],[32.003713,-2.361275],[32.020787,-2.357743],[32.037565,-2.350973],[32.050223,-2.341258],[32.069945,-2.292983]],[[32.282771,-0.353123],[32.323982,-0.354006],[32.318977,-0.337522],[32.297194,-0.314267],[32.289835,-0.298666],[32.28071,-0.303081],[32.277178,-0.308969],[32.278061,-0.316916],[32.283065,-0.325747],[32.273351,-0.330163],[32.264226,-0.330752],[32.255984,-0.326925],[32.24833,-0.318388],[32.255689,-0.305436],[32.212712,-0.321332],[32.187397,-0.327513],[32.166202,-0.325747],[32.152956,-0.311618],[32.156194,-0.291601],[32.173562,-0.257455],[32.172384,-0.239793],[32.157372,-0.234494],[32.111745,-0.237144],[32.086135,-0.231551],[32.073772,-0.230373],[32.064352,-0.235083],[32.06553,-0.244797],[32.064647,-0.254511],[32.050223,-0.257455],[32.050223,-0.263931],[32.077304,-0.273056],[32.091728,-0.280415],[32.09791,-0.288069],[32.099382,-0.295722],[32.102325,-0.298077],[32.106741,-0.299843],[32.111745,-0.305436],[32.111745,-0.309263],[32.105858,-0.316328],[32.104386,-0.322215],[32.116455,-0.329868],[32.144125,-0.338111],[32.172384,-0.34076],[32.187397,-0.331929],[32.193578,-0.331929],[32.202409,-0.341349],[32.218011,-0.35018],[32.228313,-0.360482],[32.221543,-0.373729],[32.231257,-0.378144],[32.241265,-0.386092],[32.248036,-0.396689],[32.24833,-0.408464],[32.242148,-0.413468],[32.233317,-0.413173],[32.225075,-0.409052],[32.216539,-0.39875],[32.205942,-0.407875],[32.197111,-0.421416],[32.197111,-0.42848],[32.18563,-0.429069],[32.1768,-0.43113],[32.170618,-0.435545],[32.166202,-0.442021],[32.166202,-0.44938],[32.170912,-0.458211],[32.167674,-0.471458],[32.152662,-0.497362],[32.135883,-0.515318],[32.132351,-0.525326],[32.138238,-0.538278],[32.166202,-0.538278],[32.165614,-0.531213],[32.167086,-0.523266],[32.173562,-0.504721],[32.178271,-0.506487],[32.189163,-0.509136],[32.193578,-0.510902],[32.19034,-0.497362],[32.189752,-0.478228],[32.187397,-0.469986],[32.22537,-0.462627],[32.241854,-0.463804],[32.241854,-0.469986],[32.236261,-0.47705],[32.238616,-0.483526],[32.247153,-0.488531],[32.258927,-0.490297],[32.263048,-0.487059],[32.265992,-0.4797],[32.271879,-0.472341],[32.283065,-0.469986],[32.274823,-0.432896],[32.270702,-0.386681],[32.282771,-0.353123]],[[32.342821,-0.261576],[32.347236,-0.265697],[32.351946,-0.27129],[32.369902,-0.269818],[32.365193,-0.258044],[32.351946,-0.241559],[32.344293,-0.227135],[32.339583,-0.215949],[32.328103,-0.204175],[32.312501,-0.197993],[32.296606,-0.202997],[32.305731,-0.205941],[32.315151,-0.211534],[32.323982,-0.219776],[32.331341,-0.230373],[32.321627,-0.235378],[32.319272,-0.242148],[32.322804,-0.249801],[32.331341,-0.257455],[32.333107,-0.252156],[32.334284,-0.252156],[32.337522,-0.250096],[32.339289,-0.25716],[32.342821,-0.261576]],[[32.388447,-0.367841],[32.400516,-0.366075],[32.413468,-0.366958],[32.413468,-0.360188],[32.400222,-0.35695],[32.394629,-0.348413],[32.389919,-0.338699],[32.379028,-0.331929],[32.369314,-0.334284],[32.368725,-0.344292],[32.37314,-0.35695],[32.379028,-0.366958],[32.372552,-0.364898],[32.358422,-0.362543],[32.351946,-0.360188],[32.354007,-0.370196],[32.356656,-0.374906],[32.360777,-0.375495],[32.388447,-0.367841]],[[32.531214,-2.32654],[32.536807,-2.307112],[32.532686,-2.283857],[32.523855,-2.282386],[32.512963,-2.287979],[32.502072,-2.285918],[32.49589,-2.285918],[32.498834,-2.312411],[32.502072,-2.320947],[32.474696,-2.32448],[32.464982,-2.314177],[32.467926,-2.271789],[32.461744,-2.271789],[32.454974,-2.283269],[32.446437,-2.283857],[32.438195,-2.277087],[32.433779,-2.265607],[32.407581,-2.342142],[32.409936,-2.354799],[32.42642,-2.362158],[32.432013,-2.379231],[32.434368,-2.399543],[32.441139,-2.416321],[32.45203,-2.420442],[32.462627,-2.418382],[32.472341,-2.411906],[32.481761,-2.402192],[32.492064,-2.404252],[32.506782,-2.396599],[32.519439,-2.383058],[32.523266,-2.367457],[32.519439,-2.369517],[32.518851,-2.370695],[32.518262,-2.371872],[32.516201,-2.374816],[32.51208,-2.35892],[32.520028,-2.343319],[32.531214,-2.32654]],[[32.538279,-0.390213],[32.543577,-0.373729],[32.529448,-0.378144],[32.523855,-0.381382],[32.516201,-0.387269],[32.508842,-0.383443],[32.504132,-0.384031],[32.502072,-0.391096],[32.502661,-0.40552],[32.502072,-0.408464],[32.489709,-0.418472],[32.469986,-0.420533],[32.454091,-0.42848],[32.477051,-0.441727],[32.47293,-0.46086],[32.455857,-0.479111],[32.441139,-0.490297],[32.444082,-0.49795],[32.448498,-0.502071],[32.454091,-0.503838],[32.461744,-0.504721],[32.470869,-0.499717],[32.481172,-0.492063],[32.486471,-0.48176],[32.481761,-0.469986],[32.492947,-0.465865],[32.5006,-0.458506],[32.521206,-0.420533],[32.523561,-0.409641],[32.523266,-0.394923],[32.530037,-0.394923],[32.536807,-0.408464],[32.537101,-0.398455],[32.538279,-0.390213]],[[32.753753,-0.018431],[32.749632,-0.027262],[32.753459,-0.03992],[32.762879,-0.052283],[32.782307,-0.036682],[32.803206,-0.009012],[32.81086,0.019247],[32.789371,0.037204],[32.789371,0.016598],[32.78319,0.016598],[32.773476,0.020719],[32.767,0.011594],[32.765233,-0.003713],[32.769649,-0.017548],[32.753753,-0.018431]],[[32.803795,-0.106446],[32.817336,-0.085841],[32.804384,-0.079953],[32.793198,-0.080248],[32.78525,-0.086724],[32.78319,-0.099381],[32.773476,-0.097026],[32.762879,-0.0932],[32.765822,-0.07701],[32.758757,-0.059937],[32.746689,-0.045807],[32.73462,-0.037859],[32.737269,-0.049339],[32.742567,-0.060231],[32.755519,-0.079659],[32.755519,-0.085841],[32.745511,-0.083191],[32.739035,-0.077598],[32.735797,-0.069356],[32.73462,-0.058465],[32.730204,-0.06759],[32.724022,-0.0723],[32.716369,-0.071417],[32.707538,-0.065235],[32.709599,-0.07701],[32.71372,-0.088195],[32.714308,-0.097909],[32.707538,-0.10674],[32.698707,-0.105857],[32.691642,-0.097615],[32.683989,-0.094083],[32.673392,-0.10674],[32.659557,-0.099381],[32.665444,-0.111156],[32.673981,-0.117926],[32.685755,-0.12087],[32.700768,-0.120576],[32.718724,-0.12558],[32.740801,-0.114983],[32.755519,-0.120576],[32.741684,-0.127346],[32.741684,-0.134116],[32.765822,-0.130878],[32.786428,-0.121459],[32.803795,-0.106446]],[[33.005729,-1.805221],[33.009261,-1.819351],[32.995426,-1.819351],[32.998664,-1.826416],[33.002491,-1.83819],[33.003668,-1.849082],[32.999253,-1.854086],[32.996898,-1.858796],[33.004846,-1.869687],[33.023391,-1.888232],[33.027218,-1.88941],[33.030456,-1.889998],[33.033988,-1.891176],[33.037226,-1.895002],[33.070489,-1.869687],[33.083735,-1.856146],[33.088151,-1.853791],[33.0908,-1.849082],[33.091683,-1.836718],[33.089917,-1.832597],[33.081381,-1.821117],[33.078731,-1.813169],[33.084913,-1.813169],[33.093449,-1.816702],[33.097571,-1.814347],[33.096982,-1.807871],[33.091683,-1.799628],[33.083441,-1.795507],[33.072255,-1.795802],[33.050767,-1.799628],[33.015737,-1.800512],[33.005729,-1.805221]],[[33.186763,-2.131966],[33.187352,-2.124606],[33.186174,-2.116659],[33.182936,-2.11607],[33.178521,-2.117247],[33.173517,-2.114892],[33.143786,-2.087811],[33.13466,-2.073976],[33.147024,-2.066911],[33.147024,-2.059552],[33.109345,-2.05131],[33.100514,-2.043362],[33.120237,-2.011276],[33.117587,-1.995969],[33.109934,-1.981251],[33.105224,-1.966827],[33.097276,-1.965355],[33.04694,-1.977424],[33.043702,-1.975658],[33.035754,-1.973303],[33.027218,-1.973303],[33.023391,-1.980662],[33.018975,-1.98184],[32.992483,-1.99126],[32.940969,-1.963295],[32.931549,-1.947988],[32.935965,-1.936802],[32.944796,-1.925616],[32.947739,-1.909426],[32.943029,-1.904422],[32.924779,-1.896474],[32.920363,-1.895002],[32.911532,-1.896474],[32.907117,-1.899712],[32.899169,-1.909426],[32.879741,-1.927088],[32.867967,-1.935036],[32.851482,-1.943278],[32.846478,-1.934742],[32.841474,-1.930915],[32.834703,-1.929737],[32.824989,-1.929149],[32.831171,-1.943278],[32.846478,-1.959468],[32.851482,-1.970065],[32.859136,-1.970065],[32.863845,-1.971832],[32.89181,-1.974481],[32.899169,-1.977424],[32.897109,-1.989493],[32.887395,-2.003034],[32.850305,-2.041596],[32.845006,-2.050721],[32.844712,-2.059552],[32.853248,-2.071915],[32.862079,-2.070443],[32.871499,-2.066322],[32.882685,-2.069855],[32.904468,-2.085456],[32.928606,-2.092226],[32.978647,-2.093698],[32.996015,-2.098997],[33.043113,-2.135204],[33.055771,-2.140502],[33.066662,-2.139325],[33.07461,-2.132849],[33.078731,-2.121663],[33.10228,-2.134321],[33.120531,-2.152277],[33.141725,-2.166701],[33.173517,-2.16935],[33.163508,-2.154043],[33.167629,-2.147567],[33.17646,-2.146978],[33.180876,-2.148744],[33.185585,-2.137559],[33.186763,-2.131966]],[[33.184114,0.149945],[33.194711,0.161425],[33.176755,0.161425],[33.165863,0.147001],[33.164097,0.125513],[33.173517,0.106085],[33.180876,0.117271],[33.184114,0.149945]],[[33.295972,0.030728],[33.30392,0.043974],[33.28302,0.043974],[33.284786,0.048684],[33.288024,0.059575],[33.290379,0.063696],[33.264181,0.057515],[33.250346,0.049567],[33.247696,0.035437],[33.256233,0.010417],[33.284492,0.021897],[33.295972,0.030728]],[[33.38693,0.251206],[33.400177,0.256799],[33.388402,0.272401],[33.381043,0.287413],[33.371035,0.297716],[33.351901,0.297716],[33.351901,0.290946],[33.359555,0.288885],[33.365736,0.285058],[33.370152,0.278582],[33.372212,0.270046],[33.366031,0.270046],[33.356905,0.274461],[33.349841,0.267102],[33.347191,0.254444],[33.351901,0.24267],[33.343365,0.245908],[33.341598,0.247085],[33.338066,0.250029],[33.329235,0.239137],[33.319815,0.240315],[33.314517,0.247968],[33.317755,0.256799],[33.317755,0.262981],[33.295972,0.263275],[33.293911,0.274167],[33.30392,0.288296],[33.317755,0.297716],[33.298327,0.305075],[33.278016,0.304486],[33.238571,0.297716],[33.233272,0.294184],[33.211195,0.266513],[33.205013,0.255916],[33.20884,0.249735],[33.221498,0.24267],[33.255055,0.207935],[33.259176,0.201753],[33.263298,0.198515],[33.26212,0.19145],[33.256233,0.184386],[33.245636,0.181148],[33.235627,0.181736],[33.207663,0.187918],[33.228268,0.153772],[33.235039,0.153772],[33.246813,0.164958],[33.264475,0.153183],[33.279193,0.129928],[33.28302,0.106085],[33.293911,0.109912],[33.301271,0.117565],[33.304509,0.127868],[33.30392,0.140231],[33.31069,0.140231],[33.310101,0.100198],[33.316283,0.084891],[33.332473,0.07812],[33.339244,0.079886],[33.342187,0.081653],[33.344836,0.085479],[33.324525,0.09696],[33.319227,0.119037],[33.325114,0.141703],[33.338066,0.153772],[33.325114,0.160248],[33.317755,0.171434],[33.316872,0.184091],[33.324525,0.195572],[33.318344,0.210878],[33.32482,0.219121],[33.3363,0.217355],[33.344836,0.201753],[33.352196,0.210878],[33.35926,0.217355],[33.366325,0.219121],[33.372212,0.215883],[33.378688,0.227657],[33.381632,0.240315],[33.38693,0.251206]],[[33.726038,-0.129701],[33.728687,-0.108801],[33.718973,-0.099381],[33.704844,-0.104091],[33.671286,-0.126757],[33.653919,-0.134116],[33.653919,-0.140298],[33.670698,-0.138237],[33.681589,-0.139709],[33.689242,-0.147068],[33.69513,-0.162081],[33.7019,-0.154427],[33.715441,-0.168263],[33.726038,-0.129701]],[[33.769604,0.07812],[33.781084,0.072822],[33.81994,0.064874],[33.83142,0.063696],[33.842901,0.067818],[33.85232,0.073116],[33.863506,0.073705],[33.879402,0.063696],[33.88264,0.078709],[33.866744,0.090484],[33.843784,0.095782],[33.82465,0.091661],[33.812287,0.11521],[33.786088,0.115799],[33.765483,0.100786],[33.769604,0.07812]]]}}]}